-7.12372;10.3342;-10.0338;7.42412;-20.7276;-18.8;
-7.11094;10.3738;-10.1106;7.3741;-20.7333;-18.8;
-7.09971;10.4129;-10.1893;7.32332;-20.7392;-18.8;
-7.08591;10.4533;-10.2767;7.26248;-20.7448;-18.8;
-7.07305;10.4943;-10.3692;7.19811;-20.7507;-18.8;
-7.06062;10.5405;-10.4776;7.12356;-20.7579;-18.8;
-7.04935;10.5919;-10.6019;7.03938;-20.7664;-18.8;
-7.04109;10.6414;-10.7256;6.95684;-20.7752;-18.8;
-7.03573;10.6888;-10.8483;6.87618;-20.7841;-18.8;
-7.03313;10.7342;-10.9699;6.79743;-20.7933;-18.8;
-7.03334;10.7848;-11.1101;6.70806;-20.8041;-18.8;
-7.03938;10.8602;-11.3228;6.57678;-20.8216;-18.8;
-7.05236;10.943;-11.5617;6.4337;-20.8422;-18.8;
-7.07081;11.0212;-11.7916;6.3004;-20.8631;-18.8;
-7.09356;11.0938;-12.0098;6.17747;-20.8838;-18.8;
-7.1198;11.1608;-12.2165;6.06417;-20.9042;-18.8;
-7.14901;11.2231;-12.4134;5.95871;-20.9242;-18.8;
-7.18389;11.2865;-12.6187;5.85171;-20.9459;-18.8;
-7.22088;11.3448;-12.8121;5.75367;-20.9669;-18.8;
-7.26417;11.4049;-13.0154;5.65366;-20.9899;-18.8;
-7.30832;11.4596;-13.2049;5.56306;-21.0119;-18.8;
-7.35606;11.513;-13.3934;5.47567;-21.0345;-18.8;
-7.40345;11.5612;-13.5672;5.39748;-21.056;-18.8;
-7.45218;11.6068;-13.7337;5.3252;-21.0773;-18.8;
-7.48238;11.633;-13.8355;5.27991;-21.09;-18.8;
-7.52941;11.6721;-13.9785;5.22305;-21.1096;-18.8;
-7.7016;11.7894;-14.4219;5.06911;-21.1758;-18.8;
-7.90508;11.8917;-14.8704;4.92637;-21.2;-18.8;
-8.15877;11.9871;-15.3601;4.78578;-21.2;-18.8;
-8.44492;12.0679;-15.8518;4.66097;-21.2;-18.8;
-8.76205;12.1346;-16.3436;4.55304;-21.2;-18.8;
-9.10855;12.1878;-16.8334;4.46294;-21.2;-18.8;
-9.50717;12.2312;-17.351;4.38729;-21.2;-18.8;
-9.93921;12.2633;-17.8703;4.3322;-21.2;-18.8;
-10.4149;12.2851;-18.4017;4.29835;-21.2;-18.8;
-10.9344;12.2973;-18.9436;4.28811;-21.2;-18.8;
-11.4796;12.2998;-19.4762;4.30322;-21.2;-18.8;
-12.0483;12.2933;-19.9978;4.34377;-21.2;-18.8;
-12.6582;12.2779;-20.5239;4.41225;-21.2;-18.8;
-13.309;12.2548;-21.0532;4.51058;-21.2;-18.8;
-13.9788;12.2252;-21.5673;4.63659;-21.2;-18.8;
-14.6797;12.189;-22.0753;4.79333;-21.2;-18.8;
-15.4252;12.1466;-22.5862;4.98558;-21.2;-18.8;
-16.1845;12.1004;-23.0782;5.20673;-21.2;-18.8;
-16.9553;12.0509;-23.5501;5.45609;-21.2;-18.8;
-17.7351;11.9988;-24.001;5.73289;-21.2;-18.8;
-18.5217;11.9449;-24.4302;6.03632;-21.2;-18.8;
-19.3128;11.8897;-24.837;6.36554;-21.2;-18.8;
-20.1065;11.834;-25.2208;6.71963;-21.2;-18.8;
-20.9005;11.7783;-25.5812;7.09767;-21.2;-18.8;
-21.6931;11.7234;-25.9178;7.4987;-21.2;-18.8;
-22.4823;11.6699;-26.2304;7.92172;-21.2;-18.8;
-23.2663;11.6184;-26.519;8.36574;-21.2;-18.8;
-24.0436;11.5695;-26.7834;8.8297;-21.2;-18.8;
-24.7974;11.5247;-27.0192;9.30296;-21.2;-18.8;
-25.5112;11.4847;-27.2223;9.77366;-21.2;-18.8;
-26.2138;11.4481;-27.4023;10.2595;-21.2;-18.8;
-26.9039;11.4153;-27.5597;10.7595;-21.2;-18.8;
-27.5804;11.387;-27.6947;11.2728;-21.2;-18.8;
-28.2424;11.3636;-27.8077;11.7982;-21.2;-18.8;
-28.8888;11.3454;-27.8993;12.3349;-21.2;-18.8;
-29.5059;11.3331;-27.9685;12.8704;-21.2;-18.8;
-30.08;11.3265;-28.015;13.3915;-21.2;-18.8;
-30.6367;11.3254;-28.0423;13.9199;-21.2;-18.8;
-31.1756;11.33;-28.0508;14.4547;-21.2;-18.8;
-31.696;11.3405;-28.0414;14.9952;-21.2;-18.8;
-32.1976;11.3573;-28.0144;15.5405;-21.2;-18.8;
-32.6799;11.3806;-27.9707;16.0897;-21.2;-18.8;
-33.1426;11.4104;-27.9107;16.6422;-21.2;-18.8;
-33.5853;11.447;-27.8352;17.1972;-21.2;-18.8;
-34.008;11.4906;-27.7448;17.7538;-21.2;-18.8;
-34.4103;11.5411;-27.64;18.3114;-21.2;-18.8;
-34.7921;11.5988;-27.5216;18.8692;-21.2;-18.8;
-35.1532;11.6636;-27.3901;19.4267;-21.2;-18.8;
-35.4938;11.7355;-27.2463;19.983;-21.2;-18.8;
-35.8136;11.8147;-27.0906;20.5376;-21.2;-18.8;
-36.1126;11.901;-26.9237;21.0899;-21.2;-18.8;
-36.391;11.9945;-26.7463;21.6392;-21.2;-18.8;
-36.6488;12.0951;-26.5588;22.1851;-21.2;-18.8;
-36.886;12.2027;-26.3619;22.7268;-21.2;-18.8;
-37.1028;12.3173;-26.1561;23.264;-21.2;-18.8;
-37.2993;12.4388;-25.942;23.7961;-21.2;-18.8;
-37.4758;12.567;-25.7201;24.3227;-21.2;-18.8;
-37.6322;12.702;-25.491;24.8432;-21.2;-18.8;
-37.769;12.8434;-25.2551;25.3572;-21.2;-18.8;
-37.8862;12.9913;-25.013;25.8645;-21.2;-18.8;
-37.9841;13.1454;-24.7651;26.3644;-21.2;-18.8;
-38.063;13.3056;-24.5119;26.8568;-21.2;-18.8;
-38.1232;13.4718;-24.2539;27.3411;-21.2;-18.8;
-38.1649;13.6438;-23.9914;27.8172;-21.2;-18.8;
-38.1883;13.8213;-23.7249;28.2847;-21.2;-18.8;
-38.1939;14.0043;-23.4549;28.7434;-21.2;-18.8;
-38.1819;14.1926;-23.1816;29.1928;-21.2;-18.8;
-38.2284;14.4618;-22.9814;29.7088;-21.2;-18.8;
-38.1061;14.584;-22.6269;30.0633;-21.2;-18.8;
-38.107;14.8509;-22.4101;30.5478;-21.2;-18.8;
-38.0217;15.0524;-22.1218;30.9524;-21.2;-18.8;
-37.9205;15.2582;-21.832;31.3468;-21.2;-18.8;
-37.8037;15.4683;-21.5411;31.7309;-21.2;-18.8;
-37.6716;15.6823;-21.2494;32.1045;-21.2;-18.8;
-37.333;16.0917;-20.6348;32.7899;-21.2;-18.8;
-37.1626;16.3219;-20.3477;33.1368;-21.2;-18.8;
-36.9782;16.5553;-20.0608;33.4727;-21.2;-18.8;
-36.779;16.792;-19.7728;33.7981;-21.2;-18.8;
-36.5592;17.0336;-19.4767;34.1161;-21.2;-18.8;
-36.318;17.2804;-19.1717;34.4266;-21.2;-18.8;
-36.0555;17.5324;-18.8587;34.7291;-21.2;-18.8;
-35.772;17.7894;-18.5385;35.023;-21.2;-18.8;
-35.4679;18.0516;-18.2117;35.3077;-21.2;-18.8;
-35.1435;18.3186;-17.8792;35.5829;-21.2;-18.8;
-34.7993;18.5904;-17.5416;35.848;-21.2;-18.8;
-34.4355;18.8669;-17.1997;36.1027;-21.2;-18.8;
-34.0526;19.148;-16.854;36.3466;-21.2;-18.8;
-33.6509;19.4335;-16.5052;36.5793;-21.2;-18.8;
-33.231;19.7233;-16.1539;36.8005;-21.2;-18.8;
-32.7932;20.0172;-15.8006;37.0099;-21.2;-18.8;
-32.338;20.3151;-15.4459;37.2072;-21.2;-18.8;
-31.8657;20.6169;-15.0902;37.3923;-21.2;-18.8;
-31.3768;20.9222;-14.7342;37.5648;-21.2;-18.8;
-30.8718;21.2311;-14.3783;37.7246;-21.2;-18.8;
-30.3511;21.5433;-14.0229;37.8715;-21.2;-18.8;
-29.8152;21.8586;-13.6685;38.0053;-21.2;-18.8;
-29.2644;22.1768;-13.3154;38.1258;-21.2;-18.8;
-28.6993;22.4978;-12.9642;38.2329;-21.2;-18.8;
-28.1203;22.8214;-12.6151;38.3265;-21.2;-18.8;
-27.5277;23.1473;-12.2685;38.4065;-21.2;-18.8;
-26.9222;23.4755;-11.9249;38.4728;-21.2;-18.8;
-26.3048;23.8054;-11.5849;38.5253;-21.2;-18.8;
-25.6753;24.1371;-11.2484;38.564;-21.2;-18.8;
-25.034;24.4705;-10.9158;38.5887;-21.2;-18.8;
-24.3813;24.8052;-10.5872;38.5994;-21.2;-18.8;
-23.7178;25.1413;-10.263;38.596;-21.2;-18.8;
-23.0438;25.4783;-9.94345;38.5786;-21.2;-18.8;
-22.3598;25.8162;-9.62881;38.5471;-21.2;-18.8;
-21.6662;26.1547;-9.31933;38.5016;-21.2;-18.8;
-20.9636;26.4937;-9.01526;38.442;-21.2;-18.8;
-20.2522;26.8329;-8.71681;38.3683;-21.2;-18.8;
-19.5327;27.1722;-8.42421;38.2807;-21.2;-18.8;
-18.8053;27.5114;-8.13767;38.179;-21.2;-18.8;
-18.0706;27.8502;-7.8574;38.0634;-21.2;-18.8;
-17.329;28.1885;-7.58358;37.9339;-21.2;-18.8;
-16.581;28.5261;-7.31641;37.7906;-21.2;-18.8;
-15.8269;28.8627;-7.05606;37.6335;-21.2;-18.8;
-15.0672;29.1983;-6.80271;37.4628;-21.2;-18.8;
-14.3024;29.5326;-6.55651;37.2785;-21.2;-18.8;
-13.533;29.8654;-6.31764;37.0807;-21.2;-18.8;
-12.7593;30.1965;-6.08624;36.8695;-21.2;-18.8;
-11.9818;30.5257;-5.86245;36.6451;-21.2;-18.8;
-11.201;30.8529;-5.64643;36.4075;-21.2;-18.8;
-10.4174;31.1779;-5.4383;36.1569;-21.2;-18.8;
-9.63137;31.5004;-5.2382;35.8935;-21.2;-18.8;
-8.84343;31.8202;-5.04625;35.6174;-21.2;-18.8;
-8.05406;32.1373;-4.86257;35.3288;-21.2;-18.8;
-7.26373;32.4513;-4.68728;35.0278;-21.2;-18.8;
-6.47295;32.7622;-4.52048;34.7147;-21.2;-18.8;
-5.68222;33.0696;-4.36228;34.3895;-21.2;-18.8;
-4.89203;33.3734;-4.21279;34.0527;-21.2;-18.8;
-4.10293;33.6735;-4.07208;33.7043;-21.2;-18.8;
-3.31543;33.9695;-3.94026;33.3447;-21.2;-18.8;
-2.53008;34.2613;-3.81741;32.974;-21.2;-18.8;
-1.74744;34.5488;-3.70359;32.5926;-21.2;-18.8;
-0.968088;34.8315;-3.59888;32.2008;-21.2;-18.8;
-0.192605;35.1095;-3.50334;31.7988;-21.2;-18.8;
0.578403;35.3824;-3.41701;31.3869;-21.2;-18.8;
1.34431;35.6499;-3.33994;30.9657;-21.2;-18.8;
2.10448;35.912;-3.27215;30.5353;-21.2;-18.8;
2.85823;36.1682;-3.21367;30.0963;-21.2;-18.8;
3.6049;36.4184;-3.16448;29.6491;-21.2;-18.8;
4.35478;36.6656;-3.12359;29.1872;-21.2;-18.8;
5.09644;36.9066;-3.09216;28.718;-21.2;-18.8;
5.82839;37.1411;-3.07022;28.2425;-21.2;-18.8;
6.53371;37.3642;-3.05835;27.7721;-21.2;-18.8;
7.22456;37.5784;-3.05546;27.2984;-21.2;-18.8;
7.90377;37.7846;-3.06118;26.8196;-21.2;-18.8;
8.57055;37.9823;-3.07533;26.3365;-21.2;-18.8;
9.22402;38.1713;-3.09765;25.8497;-21.2;-18.8;
9.8633;38.3512;-3.12786;25.36;-21.2;-18.8;
10.4875;38.5216;-3.16565;24.8684;-21.2;-18.8;
11.0956;38.6821;-3.21063;24.3758;-21.2;-18.8;
11.6868;38.8324;-3.26236;23.8832;-21.2;-18.8;
12.2602;38.9721;-3.32034;23.3916;-21.2;-18.8;
12.8147;39.1009;-3.38402;22.9022;-21.2;-18.8;
13.3302;39.2139;-3.44989;22.4338;-21.2;-18.8;
13.8034;39.3102;-3.51588;21.9909;-21.2;-18.8;
14.2392;39.391;-3.58121;21.5706;-21.2;-18.8;
14.6424;39.4579;-3.64549;21.17;-21.2;-18.8;
15.0169;39.5121;-3.70849;20.7866;-21.2;-18.8;
15.366;39.5547;-3.77006;20.4187;-21.2;-18.8;
15.6921;39.5869;-3.83015;20.0647;-21.2;-18.8;
15.9973;39.6096;-3.88871;19.7236;-21.2;-18.8;
16.2833;39.6237;-3.94576;19.3947;-21.2;-18.8;
16.5514;39.6302;-4.00129;19.0775;-21.2;-18.8;
16.8027;39.6298;-4.05535;18.7717;-21.2;-18.8;
17.0382;39.6233;-4.10796;18.4771;-21.2;-18.8;
17.2586;39.6116;-4.15915;18.1938;-21.2;-18.8;
17.4644;39.5952;-4.20898;17.9218;-21.2;-18.8;
17.6563;39.5751;-4.25747;17.6613;-21.2;-18.8;
17.8347;39.5518;-4.30467;17.4124;-21.2;-18.8;
18;39.5262;-4.35063;17.1755;-21.2;-18.8;
18.1526;39.4988;-4.39539;16.9508;-21.2;-18.8;
18.2943;39.4703;-4.43955;16.7364;-21.2;-18.8;
18.424;39.4414;-4.48256;16.5349;-21.2;-18.8;
18.5419;39.4129;-4.52445;16.3465;-21.2;-18.8;
18.5817;39.4012;-4.53637;16.2831;-21.2;-18.8;
18.9969;39.306;-4.71953;15.5896;-21.2;-18.8;
19.5881;39.1852;-5.02365;14.5734;-21.2;-18.8;
20.1386;39.0931;-5.36493;13.5896;-21.0537;-18.8;
20.6438;39.0339;-5.7471;12.643;-20.9282;-18.8;
21.0995;39.0115;-6.17398;11.738;-20.8243;-18.8;
21.5016;39.0296;-6.64913;10.8788;-20.7424;-18.8;
21.8467;39.0915;-7.17556;10.0693;-20.683;-18.8;
22.1318;39.1996;-7.75541;9.31242;-20.6463;-18.8;
22.3551;39.3553;-8.38969;8.61058;-20.6323;-18.8;
22.5158;39.5587;-9.0779;7.96501;-20.6411;-18.8;
22.6105;39.789;-9.76592;7.4126;-20.6692;-18.8;
22.6511;40.0198;-10.4024;6.96625;-20.7089;-18.8;
22.6552;40.2379;-10.9748;6.60794;-20.754;-18.8;
22.6361;40.4386;-11.4849;6.31763;-20.8008;-18.8;
22.6026;40.62;-11.9371;6.08029;-20.847;-18.8;
22.5607;40.7822;-12.3367;5.88486;-20.8913;-18.8;
22.5143;40.9264;-12.6891;5.72309;-20.933;-18.8;
22.466;41.0542;-12.9994;5.58876;-20.9719;-18.8;
22.4176;41.1674;-13.2727;5.47712;-21.0078;-18.8;
22.3701;41.268;-13.5134;5.38448;-21.041;-18.8;
22.3528;41.3017;-13.5918;5.35714;-21.0524;-18.8;
22.2766;41.4628;-13.9568;5.22943;-21.1061;-18.8;
22.1798;41.733;-14.505;5.0482;-21.1901;-18.8;
22.1036;42.0361;-15.052;4.88047;-21.2;-18.8;
22.0491;42.3682;-15.5936;4.72552;-21.2;-18.8;
22.0171;42.7261;-16.1262;4.58276;-21.2;-18.8;
22.0079;43.1063;-16.6468;4.45165;-21.2;-18.8;
22.0218;43.506;-17.1524;4.33178;-21.2;-18.8;
22.0588;43.9223;-17.6407;4.22279;-21.2;-18.8;
22.1186;44.3527;-18.1097;4.12438;-21.2;-18.8;
22.201;44.7949;-18.5576;4.03631;-21.2;-18.8;
22.3053;45.2466;-18.9828;3.95839;-21.2;-18.8;
22.431;45.7057;-19.3842;3.89045;-21.2;-18.8;
22.5774;46.1705;-19.7607;3.83235;-21.2;-18.8;
22.7438;46.6391;-20.1113;3.78398;-21.2;-18.8;
22.9292;47.1099;-20.4355;3.74523;-21.2;-18.8;
23.1328;47.5814;-20.7327;3.71597;-21.2;-18.8;
23.3535;48.0523;-21.0027;3.6961;-21.2;-18.8;
23.5906;48.5212;-21.2451;3.68551;-21.2;-18.8;
23.8429;48.987;-21.46;3.6841;-21.2;-18.8;
24.1094;49.4485;-21.6473;3.69173;-21.2;-18.8;
24.3892;49.9048;-21.8072;3.70829;-21.2;-18.8;
24.6813;50.3549;-21.9399;3.73365;-21.2;-18.8;
24.9848;50.798;-22.0455;3.76767;-21.2;-18.8;
25.2985;51.2333;-22.1246;3.81022;-21.2;-18.8;
25.6216;51.6601;-22.1773;3.86116;-21.2;-18.8;
25.9532;52.0778;-22.2043;3.92032;-21.2;-18.8;
26.2923;52.4858;-22.2059;3.98756;-21.2;-18.8;
26.638;52.8835;-22.1828;4.06273;-21.2;-18.8;
26.9894;53.2706;-22.1355;4.14567;-21.2;-18.8;
27.3458;53.6466;-22.0646;4.23621;-21.2;-18.8;
27.7062;54.0112;-21.9707;4.33422;-21.2;-18.8;
28.0699;54.364;-21.8546;4.43952;-21.2;-18.8;
28.4361;54.7048;-21.7168;4.55197;-21.2;-18.8;
28.8039;55.0334;-21.558;4.67143;-21.2;-18.8;
29.1727;55.3496;-21.3791;4.79774;-21.2;-18.8;
29.5418;55.6533;-21.1807;4.93078;-21.2;-18.8;
29.9104;55.9443;-20.9636;5.07041;-21.2;-18.8;
30.2778;56.2227;-20.7284;5.21651;-21.2;-18.8;
30.6434;56.4885;-20.4761;5.36898;-21.2;-18.8;
31.0065;56.7415;-20.2073;5.52771;-21.2;-18.8;
31.3665;56.9819;-19.9228;5.69261;-21.2;-18.8;
31.7228;57.2098;-19.6235;5.86361;-21.2;-18.8;
32.0746;57.4253;-19.31;6.04064;-21.2;-18.8;
32.4216;57.6285;-18.9833;6.22364;-21.2;-18.8;
32.7629;57.8196;-18.6441;6.4126;-21.2;-18.8;
33.0981;57.9988;-18.2932;6.60748;-21.2;-18.8;
33.4266;58.1663;-17.9315;6.80828;-21.2;-18.8;
33.7477;58.3224;-17.5597;7.01501;-21.2;-18.8;
34.061;58.4673;-17.1787;7.2277;-21.2;-18.8;
34.3658;58.6014;-16.7892;7.44639;-21.2;-18.8;
34.6616;58.725;-16.3922;7.67115;-21.2;-18.8;
34.9478;58.8383;-15.9885;7.90205;-21.2;-18.8;
35.2239;58.9419;-15.5788;8.13919;-21.2;-18.8;
35.4892;59.036;-15.164;8.38268;-21.2;-18.8;
35.7433;59.121;-14.7451;8.63266;-21.2;-18.8;
35.9854;59.1975;-14.3228;8.88926;-21.2;-18.8;
36.2152;59.2658;-13.898;9.15266;-21.2;-18.8;
36.4319;59.3264;-13.4715;9.42301;-21.2;-18.8;
36.635;59.3798;-13.0443;9.70052;-21.2;-18.8;
36.8239;59.4264;-12.6171;9.98537;-21.2;-18.8;
36.9981;59.4667;-12.1908;10.2778;-21.2;-18.8;
37.157;59.5012;-11.7664;10.5779;-21.2;-18.8;
37.2999;59.5304;-11.3445;10.886;-21.2;-18.8;
37.4264;59.5547;-10.9261;11.2023;-21.2;-18.8;
37.5358;59.5746;-10.512;11.5269;-21.2;-18.8;
37.6276;59.5906;-10.1029;11.86;-21.2;-18.8;
37.7013;59.603;-9.69978;12.2019;-21.2;-18.8;
37.7563;59.6122;-9.30329;12.5526;-21.2;-18.8;
37.7922;59.6187;-8.91422;12.9123;-21.2;-18.8;
37.8084;59.6227;-8.53328;13.2811;-21.2;-18.8;
37.8044;59.6246;-8.16119;13.6589;-21.2;-18.8;
37.7799;59.6245;-7.7986;14.0459;-21.2;-18.8;
37.7345;59.6226;-7.44617;14.442;-21.2;-18.8;
37.6676;59.6191;-7.1045;14.847;-21.2;-18.8;
37.579;59.6139;-6.77416;15.2607;-21.2;-18.8;
37.4684;59.6071;-6.4557;15.683;-21.2;-18.8;
37.3355;59.5986;-6.14962;16.1134;-21.2;-18.8;
37.181;59.5878;-5.85733;16.5495;-21.2;-18.8;
37.0095;59.5736;-5.58305;16.981;-21.2;-18.8;
36.8274;59.5543;-5.3305;17.3965;-21.2;-18.8;
36.6354;59.5301;-5.09804;17.7967;-21.2;-18.8;
36.434;59.5008;-4.88421;18.1826;-21.2;-18.8;
36.2233;59.4665;-4.6877;18.5555;-21.2;-18.8;
36.0033;59.4272;-4.50737;18.9166;-21.2;-18.8;
35.7734;59.3829;-4.34223;19.2674;-21.2;-18.8;
35.5328;59.3336;-4.19145;19.6093;-21.2;-18.8;
35.2806;59.279;-4.05437;19.944;-21.2;-18.8;
35.0151;59.2189;-3.93043;20.2734;-21.2;-18.8;
34.7354;59.1532;-3.81949;20.5984;-21.2;-18.8;
34.4394;59.0814;-3.72144;20.9205;-21.2;-18.8;
34.1251;59.0027;-3.6364;21.2412;-21.2;-18.8;
33.7901;58.9165;-3.56476;21.5617;-21.2;-18.8;
33.4318;58.822;-3.50718;21.883;-21.2;-18.8;
33.0476;58.7181;-3.46465;22.2058;-21.2;-18.8;
32.6347;58.6037;-3.43849;22.5305;-21.2;-18.8;
32.1902;58.4778;-3.43036;22.8573;-21.2;-18.8;
31.7112;58.3393;-3.44231;23.1858;-21.2;-18.8;
31.1966;58.1876;-3.47666;23.5143;-21.2;-18.8;
30.6557;58.0259;-3.53514;23.8351;-21.2;-18.8;
30.1046;57.8602;-3.6176;24.138;-21.2;-18.8;
29.5453;57.691;-3.72403;24.4217;-21.2;-18.8;
28.9793;57.519;-3.85427;24.6854;-21.2;-18.8;
28.4087;57.345;-4.0081;24.9282;-21.2;-18.8;
27.8352;57.1699;-4.18518;25.1495;-21.2;-18.8;
27.2607;56.9945;-4.38506;25.3487;-21.2;-18.8;
26.687;56.8197;-4.6072;25.5255;-21.2;-18.8;
26.1159;56.6463;-4.851;25.6794;-21.2;-18.8;
25.5491;56.4753;-5.11574;25.8105;-21.2;-18.8;
24.9882;56.3074;-5.40066;25.9186;-21.2;-18.8;
24.4349;56.1435;-5.7049;26.0037;-21.2;-18.8;
23.8907;55.9844;-6.02756;26.0661;-21.2;-18.8;
23.3571;55.8308;-6.3677;26.106;-21.2;-18.8;
22.8355;55.6835;-6.7243;26.1237;-21.2;-18.8;
22.3271;55.5431;-7.09633;26.1196;-21.2;-18.8;
21.8333;55.4102;-7.48272;26.0942;-21.2;-18.8;
21.3551;55.2855;-7.88238;26.048;-21.2;-18.8;
20.8935;55.1694;-8.29419;25.9816;-21.2;-18.8;
20.4496;55.0624;-8.71703;25.8957;-21.2;-18.8;
20.0243;54.9649;-9.14977;25.7908;-21.2;-18.8;
19.6182;54.8773;-9.59127;25.6678;-21.2;-18.8;
19.2322;54.7999;-10.0404;25.5273;-21.2;-18.8;
18.8669;54.7331;-10.4961;25.3701;-21.2;-18.8;
18.5228;54.6769;-10.9571;25.197;-21.2;-18.8;
18.2003;54.6316;-11.4225;25.0088;-21.2;-18.8;
17.9;54.5973;-11.8911;24.8063;-21.2;-18.8;
17.622;54.5742;-12.3619;24.5902;-21.2;-18.8;
17.3669;54.5621;-12.8338;24.3615;-21.2;-18.8;
17.1346;54.5613;-13.3059;24.1207;-21.2;-18.8;
16.9255;54.5715;-13.7771;23.8689;-21.2;-18.8;
16.7395;54.5928;-14.2466;23.6068;-21.2;-18.8;
16.5766;54.625;-14.7133;23.3351;-21.2;-18.8;
16.4369;54.6681;-15.1766;23.0546;-21.2;-18.8;
16.3203;54.7218;-15.6354;22.7661;-21.2;-18.8;
16.2265;54.786;-16.089;22.4704;-21.2;-18.8;
16.1556;54.8604;-16.5367;22.1681;-21.2;-18.8;
16.1072;54.9449;-16.9777;21.86;-21.2;-18.8;
16.081;55.0391;-17.4113;21.5468;-21.2;-18.8;
16.0769;55.1429;-17.8369;21.2291;-21.2;-18.8;
16.0945;55.2559;-18.2538;20.9075;-21.2;-18.8;
16.1335;55.3778;-18.6615;20.5828;-21.2;-18.8;
16.1935;55.5083;-19.0595;20.2553;-21.2;-18.8;
16.2741;55.6471;-19.4471;19.9259;-21.2;-18.8;
16.3749;55.7938;-19.824;19.5949;-21.2;-18.8;
16.4955;55.9481;-20.1898;19.2629;-21.2;-18.8;
16.6355;56.1098;-20.5439;18.9304;-21.2;-18.8;
16.7944;56.2783;-20.8861;18.5978;-21.2;-18.8;
16.9717;56.4534;-21.216;18.2658;-21.2;-18.8;
17.167;56.6348;-21.5333;17.9345;-21.2;-18.8;
17.3797;56.8219;-21.8377;17.6045;-21.2;-18.8;
17.6095;57.0146;-22.129;17.2762;-21.2;-18.8;
17.8558;57.2125;-22.4069;16.9498;-21.2;-18.8;
18.1181;57.4152;-22.6713;16.6257;-21.2;-18.8;
18.3959;57.6223;-22.922;16.3044;-21.2;-18.8;
18.6888;57.8335;-23.1588;15.9859;-21.2;-18.8;
18.9962;58.0486;-23.3817;15.6707;-21.2;-18.8;
19.3176;58.267;-23.5905;15.3589;-21.2;-18.8;
19.6525;58.4886;-23.7852;15.0509;-21.2;-18.8;
20.0005;58.713;-23.9657;14.7468;-21.2;-18.8;
20.361;58.9399;-24.132;14.4469;-21.2;-18.8;
20.7337;59.169;-24.2841;14.1513;-21.2;-18.8;
21.1179;59.4;-24.4219;13.8602;-21.2;-18.8;
21.5133;59.6326;-24.5455;13.5738;-21.2;-18.8;
21.9193;59.8665;-24.655;13.2922;-21.2;-18.8;
22.3355;60.1014;-24.7504;13.0155;-21.2;-18.8;
22.7615;60.3372;-24.8317;12.744;-21.2;-18.8;
23.1969;60.5735;-24.8991;12.4776;-21.2;-18.8;
23.6411;60.8101;-24.9526;12.2164;-21.2;-18.8;
24.2058;60.9346;-24.8802;11.8486;-21.2;-18.8;
24.6705;61.1671;-24.9024;11.5942;-21.2;-18.8;
25.1494;61.3925;-24.9044;11.3387;-21.2;-18.8;
26.0293;61.9992;-25.0065;10.9634;-21.2;-18.8;
26.5635;62.2421;-24.9693;10.7093;-21.2;-18.8;
27.1165;62.4866;-24.9155;10.4546;-21.2;-18.8;
27.6876;62.7326;-24.8449;10.2;-21.2;-18.8;
28.2757;62.9796;-24.7577;9.9462;-21.2;-18.8;
28.8801;63.2276;-24.6537;9.69386;-21.2;-18.8;
29.4997;63.4763;-24.533;9.44365;-21.2;-18.8;
30.1337;63.7256;-24.3958;9.19617;-21.2;-18.8;
30.7812;63.9752;-24.242;8.95201;-21.2;-18.8;
31.4414;64.225;-24.0718;8.71172;-21.2;-18.8;
32.1134;64.4747;-23.8855;8.47583;-21.2;-18.8;
32.7963;64.7243;-23.6831;8.24485;-21.2;-18.8;
33.4893;64.9735;-23.4649;8.01927;-21.2;-18.8;
34.1916;65.2224;-23.2312;7.79958;-21.2;-18.8;
34.9023;65.4706;-22.9821;7.58621;-21.2;-18.8;
35.6204;65.7181;-22.7181;7.37964;-21.2;-18.8;
36.3453;65.9649;-22.4393;7.1803;-21.2;-18.8;
37.076;66.2109;-22.1462;6.98862;-21.2;-18.8;
37.8117;66.4559;-21.8392;6.80504;-21.2;-18.8;
38.5515;66.7001;-21.5186;6.62999;-21.2;-18.8;
39.2944;66.9433;-21.185;6.4639;-21.2;-18.8;
40.0397;67.1856;-20.8387;6.30721;-21.2;-18.8;
40.7864;67.427;-20.4803;6.16035;-21.2;-18.8;
41.5335;67.6676;-20.1103;6.02379;-21.2;-18.8;
42.2801;67.9075;-19.7293;5.89798;-21.2;-18.8;
43.0253;68.1467;-19.338;5.7834;-21.2;-18.8;
43.768;68.3855;-18.937;5.68054;-21.2;-18.8;
44.5071;68.6241;-18.5271;5.5899;-21.2;-18.8;
45.2416;68.8626;-18.1089;5.51203;-21.2;-18.8;
45.9705;69.1013;-17.6833;5.44746;-21.2;-18.8;
46.6925;69.3405;-17.2512;5.39677;-21.2;-18.8;
47.4065;69.5805;-16.8135;5.36054;-21.2;-18.8;
48.1112;69.8216;-16.3711;5.33941;-21.2;-18.8;
48.8054;70.0644;-15.925;5.33398;-21.2;-18.8;
49.4879;70.3091;-15.4763;5.34492;-21.2;-18.8;
50.1573;70.5563;-15.0262;5.37289;-21.2;-18.8;
50.8122;70.8065;-14.5757;5.41855;-21.2;-18.8;
51.4513;71.06;-14.1261;5.48258;-21.2;-18.8;
52.0731;71.3174;-13.6786;5.56562;-21.1193;-18.8;
52.6762;71.5791;-13.2346;5.66828;-21.0421;-18.8;
53.2592;71.8456;-12.7952;5.79114;-20.9715;-18.8;
53.8207;72.1172;-12.3618;5.93467;-20.9077;-18.8;
54.3594;72.3943;-11.9355;6.09928;-20.8507;-18.8;
54.874;72.677;-11.5177;6.28525;-20.8009;-18.8;
55.3633;72.9654;-11.1094;6.49267;-20.7581;-18.8;
55.8263;73.2595;-10.7117;6.7215;-20.7224;-18.8;
56.2621;73.559;-10.3255;6.97146;-20.6939;-18.8;
56.6698;73.8635;-9.95168;7.24201;-20.6723;-18.8;
57.049;74.1724;-9.59098;7.53238;-20.6577;-18.8;
57.3993;74.4847;-9.24394;7.84148;-20.6499;-18.8;
57.7205;74.7994;-8.91099;8.16794;-20.6485;-18.8;
58.0126;75.1151;-8.59241;8.51008;-20.6534;-18.8;
58.2761;75.4304;-8.28837;8.86588;-20.6642;-18.8;
58.5082;75.7379;-8.00298;9.22673;-20.6798;-18.8;
58.7061;76.0263;-7.74211;9.57816;-20.6987;-18.8;
58.8727;76.292;-7.50484;9.91444;-20.7195;-18.8;
59.0132;76.5365;-7.28737;10.2359;-20.7414;-18.8;
59.1316;76.7615;-7.08666;10.5433;-20.764;-18.8;
59.2309;76.9687;-6.90039;10.8374;-20.787;-18.8;
59.3138;77.1597;-6.72679;11.1191;-20.8101;-18.8;
59.3823;77.3357;-6.56454;11.3889;-20.8332;-18.8;
59.4381;77.4981;-6.41255;11.6475;-20.8562;-18.8;
59.4825;77.6478;-6.27016;11.8952;-20.8791;-18.8;
59.5167;77.7858;-6.13678;12.1323;-20.9017;-18.8;
59.5419;77.9128;-6.01196;12.359;-20.924;-18.8;
59.5588;78.0297;-5.89534;12.5756;-20.946;-18.8;
59.5685;78.1373;-5.7867;12.7821;-20.9676;-18.8;
59.5716;78.236;-5.68585;12.9786;-20.9888;-18.8;
59.5689;78.3266;-5.59264;13.165;-21.0096;-18.8;
59.5609;78.4108;-5.50609;13.3438;-21.0302;-18.8;
59.5484;78.4878;-5.42707;13.5123;-21.0503;-18.8;
59.5321;78.558;-5.35554;13.6704;-21.0698;-18.8;
59.5127;78.6222;-5.29138;13.818;-21.0887;-18.8;
59.5049;78.6496;-5.25822;13.8865;-21.0967;-18.8;
59.4559;78.772;-5.16004;14.156;-21.1357;-18.8;
59.3668;79.0496;-4.98053;14.7023;-21.2;-18.8;
59.2978;79.3609;-4.81588;15.2472;-21.2;-18.8;
59.2501;79.702;-4.66527;15.7867;-21.2;-18.8;
59.2245;80.0693;-4.528;16.3168;-21.2;-18.8;
59.2215;80.4594;-4.40343;16.8345;-21.2;-18.8;
59.2413;80.8691;-4.29104;17.3368;-21.2;-18.8;
59.2839;81.2955;-4.19039;17.8213;-21.2;-18.8;
59.3491;81.7359;-4.1011;18.2858;-21.2;-18.8;
59.4364;82.1879;-4.02286;18.7286;-21.2;-18.8;
59.5455;82.649;-3.9554;19.1481;-21.2;-18.8;
59.6757;83.1173;-3.89849;19.5431;-21.2;-18.8;
59.8261;83.5907;-3.85193;19.9126;-21.2;-18.8;
59.9961;84.0675;-3.81553;20.2559;-21.2;-18.8;
60.1847;84.5459;-3.78914;20.5721;-21.2;-18.8;
60.391;85.0245;-3.77259;20.861;-21.2;-18.8;
60.614;85.5019;-3.76573;21.1221;-21.2;-18.8;
60.8529;85.9766;-3.76841;21.3554;-21.2;-18.8;
61.1065;86.4476;-3.78047;21.5607;-21.2;-18.8;
61.3738;86.9137;-3.80177;21.7381;-21.2;-18.8;
61.654;87.3739;-3.83215;21.8878;-21.2;-18.8;
61.9459;87.8273;-3.87144;22.0099;-21.2;-18.8;
62.2487;88.273;-3.91948;22.1049;-21.2;-18.8;
62.5612;88.7103;-3.97611;22.173;-21.2;-18.8;
62.8827;89.1385;-4.04115;22.2147;-21.2;-18.8;
63.212;89.5569;-4.11444;22.2305;-21.2;-18.8;
63.5483;89.9649;-4.19579;22.2208;-21.2;-18.8;
63.8908;90.3622;-4.28503;22.1864;-21.2;-18.8;
64.2385;90.7481;-4.38198;22.1277;-21.2;-18.8;
64.5905;91.1224;-4.48647;22.0454;-21.2;-18.8;
64.9461;91.4846;-4.59832;21.9402;-21.2;-18.8;
65.3045;91.8345;-4.71737;21.8127;-21.2;-18.8;
65.6648;92.1719;-4.84345;21.6637;-21.2;-18.8;
66.0263;92.4965;-4.9764;21.4939;-21.2;-18.8;
66.3882;92.8082;-5.11607;21.3039;-21.2;-18.8;
66.7499;93.1068;-5.2623;21.0946;-21.2;-18.8;
67.1106;93.3923;-5.41496;20.8667;-21.2;-18.8;
67.4697;93.6646;-5.57393;20.621;-21.2;-18.8;
67.8265;93.9238;-5.73907;20.3583;-21.2;-18.8;
68.1803;94.1698;-5.91028;20.0793;-21.2;-18.8;
68.5304;94.4028;-6.08746;19.7849;-21.2;-18.8;
68.8764;94.6228;-6.27052;19.4759;-21.2;-18.8;
69.2175;94.83;-6.45941;19.1531;-21.2;-18.8;
69.5532;95.0246;-6.65406;18.8174;-21.2;-18.8;
69.8828;95.2067;-6.85442;18.4695;-21.2;-18.8;
70.2058;95.3765;-7.06049;18.1102;-21.2;-18.8;
70.5216;95.5343;-7.27224;17.7405;-21.2;-18.8;
70.8296;95.6805;-7.48968;17.3611;-21.2;-18.8;
71.1294;95.8152;-7.71284;16.973;-21.2;-18.8;
71.4202;95.9387;-7.94176;16.5768;-21.2;-18.8;
71.7015;96.0516;-8.1765;16.1735;-21.2;-18.8;
71.9729;96.154;-8.41714;15.764;-21.2;-18.8;
72.2337;96.2464;-8.66376;15.349;-21.2;-18.8;
72.4833;96.3293;-8.91648;14.9295;-21.2;-18.8;
72.7212;96.4029;-9.17542;14.5062;-21.2;-18.8;
72.9469;96.4678;-9.44072;14.0801;-21.2;-18.8;
73.1598;96.5243;-9.71253;13.652;-21.2;-18.8;
73.3592;96.5731;-9.99102;13.2228;-21.2;-18.8;
73.5447;96.6144;-10.2764;12.7933;-21.2;-18.8;
73.7157;96.6488;-10.5687;12.3644;-21.2;-18.8;
73.8716;96.6768;-10.8683;11.9369;-21.2;-18.8;
74.0119;96.6989;-11.1753;11.5117;-21.2;-18.8;
74.1359;96.7155;-11.4899;11.0896;-21.2;-18.8;
74.2432;96.727;-11.8123;10.6715;-21.2;-18.8;
74.3332;96.734;-12.1427;10.2582;-21.2;-18.8;
74.4053;96.7369;-12.4811;9.85043;-21.2;-18.8;
74.4591;96.736;-12.8278;9.44904;-21.2;-18.8;
74.4941;96.7318;-13.1829;9.05479;-21.2;-18.8;
74.5097;96.7245;-13.5465;8.66841;-21.2;-18.8;
74.5054;96.7146;-13.9185;8.29063;-21.2;-18.8;
74.481;96.7023;-14.2991;7.92215;-21.2;-18.8;
74.4359;96.6877;-14.6882;7.56364;-21.2;-18.8;
74.3697;96.6711;-15.0857;7.21572;-21.2;-18.8;
74.2822;96.6526;-15.4914;6.87901;-21.2;-18.8;
74.173;96.6322;-15.9051;6.55407;-21.2;-18.8;
74.0418;96.6098;-16.3266;6.24144;-21.2;-18.8;
73.8883;96.5853;-16.7553;5.94164;-21.2;-18.8;
73.7126;96.5585;-17.1905;5.65535;-21.2;-18.8;
73.5173;96.5287;-17.6263;5.38507;-21.2;-18.8;
73.3113;96.4946;-18.0468;5.1366;-21.2;-18.8;
73.095;96.456;-18.4527;4.90834;-21.2;-18.8;
72.8688;96.4128;-18.8452;4.69881;-21.2;-18.8;
72.6325;96.3649;-19.2257;4.50674;-21.2;-18.8;
72.3856;96.3122;-19.5955;4.33102;-21.2;-18.8;
72.1274;96.2545;-19.9563;4.17076;-21.2;-18.8;
71.8569;96.1916;-20.3095;4.02521;-21.2;-18.8;
71.5727;96.1232;-20.6567;3.89385;-21.2;-18.8;
71.2731;96.049;-20.9995;3.77634;-21.2;-18.8;
70.9563;95.9683;-21.3393;3.6726;-21.2;-18.8;
70.6201;95.8804;-21.6776;3.58276;-21.2;-18.8;
70.2621;95.7847;-22.0154;3.50725;-21.2;-18.8;
69.8797;95.6802;-22.3537;3.4468;-21.2;-18.8;
69.4704;95.5659;-22.6931;3.40244;-21.2;-18.8;
69.0311;95.4408;-23.0341;3.37556;-21.2;-18.8;
68.5591;95.3037;-23.3766;3.3679;-21.2;-18.8;
68.0535;95.1542;-23.7192;3.38153;-21.2;-18.8;
67.5239;94.9954;-24.0534;3.41821;-21.2;-18.8;
66.983;94.8318;-24.3705;3.47829;-21.2;-18.8;
66.4327;94.6639;-24.6694;3.56183;-21.2;-18.8;
65.8745;94.4923;-24.9491;3.6688;-21.2;-18.8;
65.3102;94.3179;-25.2086;3.79908;-21.2;-18.8;
64.7418;94.1413;-25.4471;3.95244;-21.2;-18.8;
64.1708;93.9635;-25.6641;4.12854;-21.2;-18.8;
63.5992;93.7852;-25.8591;4.32697;-21.2;-18.8;
63.0286;93.6074;-26.0316;4.54722;-21.2;-18.8;
62.4609;93.4309;-26.1814;4.78868;-21.2;-18.8;
61.8976;93.2566;-26.3083;5.05069;-21.2;-18.8;
61.3404;93.0852;-26.4124;5.3325;-21.2;-18.8;
60.7909;92.9177;-26.4935;5.6333;-21.2;-18.8;
60.2506;92.7548;-26.552;5.95222;-21.2;-18.8;
59.7209;92.5973;-26.5881;6.28833;-21.2;-18.8;
59.2031;92.4458;-26.602;6.64066;-21.2;-18.8;
58.6986;92.3011;-26.5943;7.00822;-21.2;-18.8;
58.2085;92.1637;-26.5653;7.38995;-21.2;-18.8;
57.734;92.0344;-26.5155;7.78481;-21.2;-18.8;
57.2761;91.9134;-26.4457;8.19169;-21.2;-18.8;
56.8356;91.8015;-26.3563;8.60952;-21.2;-18.8;
56.4136;91.6989;-26.2481;9.03719;-21.2;-18.8;
56.0107;91.6061;-26.1218;9.47359;-21.2;-18.8;
55.6278;91.5234;-25.978;9.91761;-21.2;-18.8;
55.2653;91.451;-25.8176;10.3682;-21.2;-18.8;
54.9238;91.3892;-25.6413;10.8242;-21.2;-18.8;
54.6038;91.3383;-25.4499;11.2845;-21.2;-18.8;
54.3058;91.2982;-25.2442;11.7482;-21.2;-18.8;
54.0299;91.2692;-25.025;12.2142;-21.2;-18.8;
53.7766;91.2512;-24.7932;12.6815;-21.2;-18.8;
53.5459;91.2443;-24.5494;13.149;-21.2;-18.8;
53.3381;91.2485;-24.2945;13.6159;-21.2;-18.8;
53.1531;91.2637;-24.0294;14.0812;-21.2;-18.8;
52.9911;91.2898;-23.7547;14.544;-21.2;-18.8;
52.852;91.3267;-23.4712;15.0035;-21.2;-18.8;
52.7357;91.3743;-23.1798;15.4588;-21.2;-18.8;
52.6421;91.4323;-22.881;15.9092;-21.2;-18.8;
52.571;91.5006;-22.5757;16.3539;-21.2;-18.8;
52.5223;91.579;-22.2646;16.7921;-21.2;-18.8;
52.4957;91.6671;-21.9483;17.2232;-21.2;-18.8;
52.4909;91.7648;-21.6275;17.6465;-21.2;-18.8;
52.5076;91.8718;-21.3027;18.0614;-21.2;-18.8;
52.5456;91.9877;-20.9747;18.4674;-21.2;-18.8;
52.6044;92.1124;-20.6441;18.8639;-21.2;-18.8;
52.6836;92.2454;-20.3113;19.2504;-21.2;-18.8;
52.783;92.3864;-19.9769;19.6265;-21.2;-18.8;
52.9021;92.5351;-19.6415;19.9916;-21.2;-18.8;
53.0404;92.6912;-19.3055;20.3453;-21.2;-18.8;
53.1975;92.8544;-18.9695;20.6874;-21.2;-18.8;
53.3729;93.0242;-18.6338;21.0175;-21.2;-18.8;
53.5663;93.2003;-18.2989;21.3352;-21.2;-18.8;
53.777;93.3825;-17.9652;21.6403;-21.2;-18.8;
54.0046;93.5702;-17.633;21.9326;-21.2;-18.8;
54.2487;93.7633;-17.3028;22.2118;-21.2;-18.8;
54.5087;93.9614;-16.9749;22.4777;-21.2;-18.8;
54.7842;94.164;-16.6496;22.7302;-21.2;-18.8;
55.0744;94.3709;-16.3272;22.9693;-21.2;-18.8;
55.3789;94.5818;-16.008;23.1949;-21.2;-18.8;
55.6973;94.7963;-15.6921;23.4068;-21.2;-18.8;
56.029;95.0141;-15.38;23.605;-21.2;-18.8;
56.3737;95.2348;-15.0717;23.7895;-21.2;-18.8;
56.7307;95.4583;-14.7675;23.9601;-21.2;-18.8;
57.0998;95.6842;-14.4676;24.1168;-21.2;-18.8;
57.4803;95.9121;-14.1721;24.2597;-21.2;-18.8;
57.872;96.1419;-13.8813;24.3887;-21.2;-18.8;
58.2742;96.3732;-13.5951;24.5039;-21.2;-18.8;
58.6867;96.6058;-13.3139;24.6052;-21.2;-18.8;
59.1089;96.8394;-13.0376;24.6929;-21.2;-18.8;
59.5404;97.0737;-12.7665;24.7669;-21.2;-18.8;
59.9808;97.3086;-12.5005;24.8273;-21.2;-18.8;
60.4296;97.5437;-12.2398;24.8742;-21.2;-18.8;
60.8866;97.7789;-11.9845;24.9077;-21.2;-18.8;
61.3529;98.0142;-11.7336;24.9277;-21.2;-18.8;
61.8389;98.2515;-11.4806;24.932;-21.2;-18.8;
62.346;98.4911;-11.2249;24.9202;-21.2;-18.8;
62.8732;98.7326;-10.9674;24.892;-21.2;-18.8;
63.4196;98.9759;-10.709;24.8473;-21.2;-18.8;
63.9843;99.2207;-10.4504;24.786;-21.2;-18.8;
64.5663;99.4668;-10.1923;24.7082;-21.2;-18.8;
65.1648;99.714;-9.93544;24.6137;-21.2;-18.8;
65.7789;99.9621;-9.68047;24.5027;-21.2;-18.8;
66.4077;100.211;-9.42801;24.3751;-21.2;-18.8;
67.0503;100.46;-9.17865;24.2311;-21.2;-18.8;
67.706;100.71;-8.93296;24.0707;-21.2;-18.8;
68.3737;100.959;-8.69146;23.8942;-21.2;-18.8;
69.0527;101.209;-8.45467;23.7016;-21.2;-18.8;
69.7408;101.458;-8.22367;23.4938;-21.2;-18.8;
70.4386;101.707;-7.99828;23.2702;-21.2;-18.8;
71.1454;101.956;-7.77898;23.0313;-21.2;-18.8;
71.8601;102.204;-7.56622;22.7772;-21.2;-18.8;
72.5821;102.451;-7.36046;22.5082;-21.2;-18.8;
73.3104;102.697;-7.16213;22.2248;-21.2;-18.8;
74.0441;102.943;-6.97166;21.9272;-21.2;-18.8;
74.7825;103.188;-6.78951;21.6159;-21.2;-18.8;
75.5246;103.432;-6.61609;21.2913;-21.2;-18.8;
76.2695;103.675;-6.45185;20.9538;-21.2;-18.8;
77.0163;103.918;-6.29722;20.604;-21.2;-18.8;
77.7641;104.159;-6.15266;20.2423;-21.2;-18.8;
78.512;104.4;-6.01862;19.8693;-21.2;-18.8;
79.259;104.64;-5.89557;19.4857;-21.2;-18.8;
80.004;104.88;-5.78401;19.092;-21.2;-18.8;
80.7461;105.119;-5.68442;18.6889;-21.2;-18.8;
81.4842;105.359;-5.59733;18.2773;-21.2;-18.8;
82.2173;105.598;-5.52328;17.8578;-21.2;-18.8;
82.9442;105.838;-5.46283;17.4313;-21.2;-18.8;
83.6637;106.079;-5.41657;16.9987;-21.2;-18.8;
84.3746;106.321;-5.38509;16.5609;-21.2;-18.8;
85.0758;106.564;-5.36903;16.1189;-21.2;-18.8;
85.7659;106.809;-5.36902;15.6738;-21.2;-18.8;
86.4436;107.056;-5.38573;15.2265;-21.2;-18.8;
87.1075;107.306;-5.41982;14.7784;-21.2;-18.8;
87.7563;107.559;-5.47196;14.3305;-21.2;-18.8;
88.3885;107.815;-5.54279;13.8841;-21.1611;-18.8;
89.0029;108.076;-5.63296;13.4405;-21.0805;-18.8;
89.5978;108.342;-5.74305;13.0008;-21.0065;-18.8;
90.172;108.612;-5.87359;12.5663;-20.9391;-18.8;
90.7241;108.888;-6.02503;12.1384;-20.8786;-18.8;
91.2528;109.169;-6.19771;11.7182;-20.8251;-18.8;
91.7569;109.456;-6.39181;11.3069;-20.7786;-18.8;
92.2352;109.748;-6.60739;10.9056;-20.7392;-18.8;
92.7471;109.986;-6.78392;10.4549;-20.6817;-18.8;
93.1546;110.306;-7.05817;10.0929;-20.6635;-18.8;
93.5341;110.63;-7.35253;9.74335;-20.6521;-18.8;
93.8859;110.959;-7.6668;9.40605;-20.6473;-18.8;
94.2093;111.29;-7.9988;9.082;-20.6489;-18.8;
94.8039;111.922;-8.67621;8.44189;-20.6567;-18.8;
95.0561;112.239;-9.03709;8.14561;-20.6701;-18.8;
95.2756;112.544;-9.39792;7.87025;-20.6879;-18.8;
95.4607;112.826;-9.74453;7.62055;-20.7081;-18.8;
95.6163;113.085;-10.0751;7.39321;-20.7298;-18.8;
95.7474;113.322;-10.3905;7.18454;-20.7524;-18.8;
95.8575;113.541;-10.6917;6.99165;-20.7753;-18.8;
95.9498;113.742;-10.9796;6.81239;-20.7985;-18.8;
96.0267;113.928;-11.2561;6.64466;-20.8218;-18.8;
96.0901;114.1;-11.5225;6.48706;-20.8453;-18.8;
96.1413;114.259;-11.7783;6.3392;-20.8687;-18.8;
96.1816;114.405;-12.0226;6.20086;-20.8917;-18.8;
96.212;114.539;-12.255;6.07186;-20.9143;-18.8;
96.2338;114.661;-12.4758;5.9517;-20.9364;-18.8;
96.2478;114.774;-12.6861;5.83965;-20.9581;-18.8;
96.2548;114.877;-12.8867;5.73528;-20.9794;-18.8;
96.2557;114.972;-13.0776;5.63842;-21.0003;-18.8;
96.251;115.059;-13.2588;5.54898;-21.0208;-18.8;
96.2414;115.138;-13.4301;5.4669;-21.0408;-18.8;
96.2278;115.211;-13.5916;5.39209;-21.0603;-18.8;
96.2105;115.278;-13.7431;5.32449;-21.0792;-18.8;
96.2044;115.306;-13.8129;5.28893;-21.087;-18.8;
96.1597;115.429;-14.08;5.18924;-21.125;-18.8;
96.0779;115.709;-14.6223;5.00835;-21.2;-18.8;
96.0159;116.022;-15.1632;4.84275;-21.2;-18.8;
95.975;116.365;-15.6983;4.6916;-21.2;-18.8;
95.956;116.734;-16.224;4.55416;-21.2;-18.8;
95.9592;117.126;-16.737;4.4298;-21.2;-18.8;
95.9849;117.537;-17.2344;4.31796;-21.2;-18.8;
96.0331;117.965;-17.714;4.2182;-21.2;-18.8;
96.1036;118.407;-18.1734;4.1301;-21.2;-18.8;
96.1959;118.86;-18.6111;4.05335;-21.2;-18.8;
96.3096;119.323;-19.0255;3.98764;-21.2;-18.8;
96.4441;119.792;-19.4153;3.93274;-21.2;-18.8;
96.5985;120.266;-19.7795;3.88843;-21.2;-18.8;
96.7722;120.744;-20.1174;3.8545;-21.2;-18.8;
96.9642;121.223;-20.4282;3.83081;-21.2;-18.8;
97.1736;121.702;-20.7116;3.81716;-21.2;-18.8;
97.3996;122.18;-20.9671;3.8134;-21.2;-18.8;
97.641;122.655;-21.1947;3.81936;-21.2;-18.8;
97.897;123.126;-21.3942;3.83487;-21.2;-18.8;
98.1664;123.592;-21.5659;3.85976;-21.2;-18.8;
98.4483;124.052;-21.7098;3.89387;-21.2;-18.8;
98.7418;124.505;-21.8261;3.93702;-21.2;-18.8;
99.0457;124.95;-21.9153;3.98905;-21.2;-18.8;
99.3591;125.386;-21.9776;4.04977;-21.2;-18.8;
99.6811;125.814;-22.0136;4.119;-21.2;-18.8;
100.011;126.231;-22.0236;4.19656;-21.2;-18.8;
100.347;126.638;-22.0084;4.28227;-21.2;-18.8;
100.689;127.034;-21.9684;4.37594;-21.2;-18.8;
101.036;127.418;-21.9042;4.4774;-21.2;-18.8;
101.387;127.79;-21.8166;4.58646;-21.2;-18.8;
101.742;128.151;-21.7062;4.70294;-21.2;-18.8;
102.099;128.499;-21.5736;4.82667;-21.2;-18.8;
102.457;128.834;-21.4197;4.95747;-21.2;-18.8;
102.816;129.157;-21.2452;5.0952;-21.2;-18.8;
103.176;129.466;-21.0507;5.23968;-21.2;-18.8;
103.535;129.763;-20.8371;5.39076;-21.2;-18.8;
103.892;130.046;-20.6052;5.54832;-21.2;-18.8;
104.248;130.316;-20.3557;5.71222;-21.2;-18.8;
104.601;130.573;-20.0894;5.88233;-21.2;-18.8;
104.951;130.817;-19.8072;6.05856;-21.2;-18.8;
105.297;131.047;-19.5099;6.2408;-21.2;-18.8;
105.638;131.265;-19.1982;6.42897;-21.2;-18.8;
105.974;131.47;-18.873;6.62301;-21.2;-18.8;
106.305;131.663;-18.5351;6.82286;-21.2;-18.8;
106.629;131.843;-18.1854;7.02849;-21.2;-18.8;
106.946;132.01;-17.8247;7.23987;-21.2;-18.8;
107.255;132.166;-17.4538;7.457;-21.2;-18.8;
107.557;132.31;-17.0735;7.67988;-21.2;-18.8;
107.85;132.443;-16.6848;7.90854;-21.2;-18.8;
108.134;132.565;-16.2884;8.14303;-21.2;-18.8;
108.407;132.676;-15.8852;8.38342;-21.2;-18.8;
108.671;132.777;-15.476;8.62977;-21.2;-18.8;
108.924;132.868;-15.0618;8.88217;-21.2;-18.8;
109.165;132.949;-14.6434;9.14075;-21.2;-18.8;
109.394;133.021;-14.2215;9.40561;-21.2;-18.8;
109.611;133.085;-13.7972;9.6769;-21.2;-18.8;
109.814;133.14;-13.3711;9.95477;-21.2;-18.8;
110.004;133.188;-12.9443;10.2394;-21.2;-18.8;
110.18;133.228;-12.5176;10.5309;-21.2;-18.8;
110.34;133.262;-12.0918;10.8295;-21.2;-18.8;
110.486;133.289;-11.6678;11.1354;-21.2;-18.8;
110.615;133.31;-11.2464;11.4487;-21.2;-18.8;
110.728;133.326;-10.8284;11.7696;-21.2;-18.8;
110.824;133.337;-10.4148;12.0983;-21.2;-18.8;
110.902;133.343;-10.0063;12.435;-21.2;-18.8;
110.962;133.345;-9.60366;12.7798;-21.2;-18.8;
111.003;133.344;-9.20772;13.1327;-21.2;-18.8;
111.026;133.339;-8.81921;13.494;-21.2;-18.8;
111.029;133.331;-8.43887;13.8636;-21.2;-18.8;
111.011;133.32;-8.06741;14.2416;-21.2;-18.8;
110.974;133.307;-7.7055;14.6279;-21.2;-18.8;
110.915;133.292;-7.35379;15.0226;-21.2;-18.8;
110.836;133.274;-7.01291;15.4253;-21.2;-18.8;
110.735;133.254;-6.68344;15.836;-21.2;-18.8;
110.612;133.232;-6.36595;16.2543;-21.2;-18.8;
110.467;133.208;-6.06096;16.6799;-21.2;-18.8;
110.3;133.181;-5.76898;17.1124;-21.2;-18.8;
110.111;133.152;-5.49115;17.5497;-21.2;-18.8;
109.905;133.118;-5.2315;17.9814;-21.2;-18.8;
109.689;133.081;-4.99277;18.3985;-21.2;-18.8;
109.463;133.038;-4.77345;18.8019;-21.2;-18.8;
109.226;132.991;-4.5722;19.1928;-21.2;-18.8;
108.978;132.939;-4.38784;19.5728;-21.2;-18.8;
108.719;132.882;-4.2194;19.9432;-21.2;-18.8;
108.448;132.82;-4.06611;20.3056;-21.2;-18.8;
108.163;132.752;-3.92735;20.6616;-21.2;-18.8;
107.863;132.678;-3.80275;21.0127;-21.2;-18.8;
107.546;132.598;-3.69214;21.3603;-21.2;-18.8;
107.21;132.511;-3.59559;21.706;-21.2;-18.8;
106.853;132.416;-3.51369;22.0495;-21.2;-18.8;
106.474;132.313;-3.44681;22.3929;-21.2;-18.8;
106.068;132.201;-3.39587;22.737;-21.2;-18.8;
105.634;132.078;-3.3621;23.0821;-21.2;-18.8;
105.168;131.944;-3.34707;23.4285;-21.2;-18.8;
104.668;131.797;-3.35272;23.7759;-21.2;-18.8;
104.143;131.64;-3.38099;24.1161;-21.2;-18.8;
103.606;131.478;-3.43241;24.4398;-21.2;-18.8;
103.059;131.312;-3.50708;24.7455;-21.2;-18.8;
102.504;131.141;-3.60502;25.0324;-21.2;-18.8;
101.942;130.967;-3.72614;25.2994;-21.2;-18.8;
101.375;130.791;-3.87025;25.5456;-21.2;-18.8;
100.806;130.613;-4.03708;25.7706;-21.2;-18.8;
100.235;130.434;-4.22624;25.9736;-21.2;-18.8;
99.6642;130.256;-4.43726;26.1542;-21.2;-18.8;
99.0959;130.078;-4.6696;26.3122;-21.2;-18.8;
98.5315;129.902;-4.92262;26.4474;-21.2;-18.8;
97.9727;129.728;-5.19561;26.5597;-21.2;-18.8;
97.4209;129.558;-5.48779;26.6491;-21.2;-18.8;
96.8777;129.392;-5.79833;26.7158;-21.2;-18.8;
96.3446;129.231;-6.12633;26.76;-21.2;-18.8;
95.8229;129.076;-6.47086;26.7819;-21.2;-18.8;
95.3139;128.927;-6.83093;26.7819;-21.2;-18.8;
94.8188;128.785;-7.20553;26.7606;-21.2;-18.8;
94.3389;128.651;-7.59363;26.7183;-21.2;-18.8;
93.875;128.525;-7.99415;26.6557;-21.2;-18.8;
93.4283;128.408;-8.40602;26.5733;-21.2;-18.8;
92.9995;128.299;-8.82814;26.4718;-21.2;-18.8;
92.5896;128.201;-9.25943;26.352;-21.2;-18.8;
92.1991;128.112;-9.69879;26.2144;-21.2;-18.8;
91.8289;128.034;-10.1451;26.0598;-21.2;-18.8;
91.4794;127.966;-10.5974;25.8891;-21.2;-18.8;
91.1511;127.908;-11.0544;25.703;-21.2;-18.8;
90.8445;127.862;-11.5153;25.5022;-21.2;-18.8;
90.5599;127.826;-11.9788;25.2877;-21.2;-18.8;
90.2976;127.802;-12.4441;25.0601;-21.2;-18.8;
90.0579;127.788;-12.9102;24.8202;-21.2;-18.8;
89.8409;127.786;-13.376;24.569;-21.2;-18.8;
89.6466;127.794;-13.8407;24.3071;-21.2;-18.8;
89.4752;127.814;-14.3033;24.0353;-21.2;-18.8;
89.3266;127.844;-14.7631;23.7545;-21.2;-18.8;
89.2008;127.885;-15.219;23.4653;-21.2;-18.8;
89.0977;127.937;-15.6704;23.1686;-21.2;-18.8;
89.0172;127.999;-16.1165;22.865;-21.2;-18.8;
88.959;128.071;-16.5566;22.5552;-21.2;-18.8;
88.9229;128.153;-16.9898;22.2399;-21.2;-18.8;
88.9087;128.244;-17.4157;21.9199;-21.2;-18.8;
88.916;128.345;-17.8336;21.5957;-21.2;-18.8;
88.9443;128.455;-18.243;21.268;-21.2;-18.8;
88.9932;128.574;-18.6435;20.9375;-21.2;-18.8;
89.0625;128.702;-19.0344;20.6047;-21.2;-18.8;
89.1517;128.837;-19.4153;20.2702;-21.2;-18.8;
89.2605;128.981;-19.7858;19.9344;-21.2;-18.8;
89.3884;129.132;-20.1454;19.5979;-21.2;-18.8;
89.535;129.29;-20.4938;19.2611;-21.2;-18.8;
89.7;129.455;-20.8306;18.9244;-21.2;-18.8;
89.8828;129.627;-21.1555;18.5884;-21.2;-18.8;
90.083;129.804;-21.4681;18.2533;-21.2;-18.8;
90.3002;129.988;-21.7683;17.9196;-21.2;-18.8;
90.5339;130.177;-22.0557;17.5877;-21.2;-18.8;
90.7836;130.372;-22.3302;17.2578;-21.2;-18.8;
91.0489;130.571;-22.5915;16.9303;-21.2;-18.8;
91.3293;130.774;-22.8396;16.6055;-21.2;-18.8;
91.6244;130.982;-23.0742;16.2837;-21.2;-18.8;
91.9335;131.194;-23.2952;15.9652;-21.2;-18.8;
92.2564;131.409;-23.5026;15.6501;-21.2;-18.8;
92.5924;131.628;-23.6963;15.3388;-21.2;-18.8;
92.9413;131.849;-23.8762;15.0314;-21.2;-18.8;
93.3023;132.073;-24.0423;14.7281;-21.2;-18.8;
93.6752;132.299;-24.1945;14.4291;-21.2;-18.8;
94.0595;132.527;-24.3328;14.1347;-21.2;-18.8;
94.4547;132.757;-24.4574;13.8448;-21.2;-18.8;
94.8604;132.988;-24.5681;13.5598;-21.2;-18.8;
95.2761;133.221;-24.6651;13.2796;-21.2;-18.8;
95.7014;133.454;-24.7484;13.0045;-21.2;-18.8;
96.1359;133.688;-24.8181;12.7345;-21.2;-18.8;
96.5791;133.923;-24.8742;12.4697;-21.2;-18.8;
97.0308;134.158;-24.9169;12.2102;-21.2;-18.8;
97.4904;134.393;-24.9461;11.9562;-21.2;-18.8;
97.963;134.628;-24.9611;11.7041;-21.2;-18.8;
98.4553;134.866;-24.9604;11.4501;-21.2;-18.8;
98.9685;135.105;-24.9435;11.1936;-21.2;-18.8;
99.5017;135.347;-24.91;10.9354;-21.2;-18.8;
100.054;135.59;-24.8601;10.6764;-21.2;-18.8;
100.624;135.835;-24.7935;10.4173;-21.2;-18.8;
101.212;136.081;-24.7102;10.1589;-21.2;-18.8;
101.816;136.328;-24.6103;9.90189;-21.2;-18.8;
102.436;136.576;-24.4937;9.64687;-21.2;-18.8;
103.07;136.825;-24.3607;9.39447;-21.2;-18.8;
103.717;137.074;-24.2111;9.1453;-21.2;-18.8;
104.378;137.323;-24.0452;8.8999;-21.2;-18.8;
105.05;137.572;-23.8632;8.65881;-21.2;-18.8;
105.734;137.821;-23.6652;8.42255;-21.2;-18.8;
106.427;138.07;-23.4513;8.19161;-21.2;-18.8;
107.131;138.319;-23.222;7.96648;-21.2;-18.8;
107.842;138.567;-22.9773;7.74761;-21.2;-18.8;
108.562;138.815;-22.7176;7.53545;-21.2;-18.8;
109.288;139.062;-22.4432;7.33046;-21.2;-18.8;
110.02;139.308;-22.1545;7.13306;-21.2;-18.8;
110.758;139.553;-21.8518;6.9437;-21.2;-18.8;
111.5;139.798;-21.5356;6.76279;-21.2;-18.8;
112.245;140.042;-21.2061;6.59079;-21.2;-18.8;
112.992;140.285;-20.8641;6.42811;-21.2;-18.8;
113.742;140.527;-20.5098;6.27521;-21.2;-18.8;
114.491;140.768;-20.1439;6.13252;-21.2;-18.8;
115.241;141.008;-19.7669;6.00052;-21.2;-18.8;
115.989;141.249;-19.3794;5.87968;-21.2;-18.8;
116.735;141.488;-18.9822;5.77048;-21.2;-18.8;
117.478;141.728;-18.5758;5.67343;-21.2;-18.8;
118.217;141.967;-18.1611;5.58905;-21.2;-18.8;
118.95;142.207;-17.7389;5.5179;-21.2;-18.8;
119.676;142.447;-17.3099;5.46053;-21.2;-18.8;
120.395;142.688;-16.8751;5.41754;-21.2;-18.8;
121.105;142.93;-16.4355;5.38955;-21.2;-18.8;
121.804;143.174;-15.9919;5.37717;-21.2;-18.8;
122.493;143.419;-15.5455;5.38106;-21.2;-18.8;
123.168;143.667;-15.0974;5.40188;-21.2;-18.8;
123.829;143.918;-14.6487;5.4403;-21.2;-18.8;
124.475;144.173;-14.2006;5.497;-21.2;-18.8;
125.104;144.431;-13.7543;5.57264;-21.1382;-18.8;
125.714;144.693;-13.3112;5.66783;-21.0592;-18.8;
126.305;144.961;-12.8724;5.78316;-20.9868;-18.8;
126.875;145.233;-12.4393;5.91916;-20.9212;-18.8;
127.422;145.511;-12.013;6.07624;-20.8625;-18.8;
127.945;145.794;-11.5949;6.25471;-20.8109;-18.8;
128.443;146.084;-11.186;6.45474;-20.7663;-18.8;
128.915;146.379;-10.7874;6.67631;-20.7289;-18.8;
129.36;146.68;-10.4002;6.9192;-20.6986;-18.8;
129.777;146.985;-10.0251;7.18295;-20.6753;-18.8;
130.166;147.296;-9.66292;7.46685;-20.6591;-18.8;
130.526;147.61;-9.31424;7.76989;-20.6496;-18.8;
130.857;147.927;-8.97951;8.09077;-20.6468;-18.8;
131.158;148.245;-8.65904;8.42787;-20.6502;-18.8;
131.431;148.564;-8.35302;8.77927;-20.6596;-18.8;
131.674;148.878;-8.06308;9.14037;-20.6744;-18.8;
131.884;149.177;-7.79556;9.49729;-20.693;-18.8;
132.061;149.452;-7.5531;9.83872;-20.7137;-18.8;
132.209;149.705;-7.3318;10.1644;-20.7357;-18.8;
132.334;149.938;-7.12819;10.4751;-20.7584;-18.8;
132.439;150.151;-6.93964;10.772;-20.7814;-18.8;
132.527;150.348;-6.76404;11.0563;-20.8046;-18.8;
132.601;150.53;-6.59947;11.3296;-20.8279;-18.8;
132.661;150.698;-6.44483;11.5929;-20.8514;-18.8;
132.709;150.854;-6.29983;11.8453;-20.8747;-18.8;
132.747;150.997;-6.16427;12.0861;-20.8976;-18.8;
132.775;151.128;-6.038;12.3149;-20.92;-18.8;
132.794;151.247;-5.92031;12.5324;-20.942;-18.8;
132.807;151.357;-5.81046;12.74;-20.9635;-18.8;
132.812;151.458;-5.70821;12.938;-20.9848;-18.8;
132.811;151.552;-5.61257;13.1287;-21.0059;-18.8;
132.805;151.639;-5.5244;13.3095;-21.0266;-18.8;
132.794;151.718;-5.44369;13.4801;-21.0468;-18.8;
132.779;151.79;-5.37037;13.6405;-21.0664;-18.8;
132.761;151.856;-5.30433;13.7907;-21.0854;-18.8;
132.749;151.895;-5.26147;13.8843;-21.0969;-18.8;
132.719;151.974;-5.19346;14.0616;-21.1218;-18.8;
132.628;152.246;-5.01136;14.6069;-21.2;-18.8;
132.557;152.553;-4.84436;15.1515;-21.2;-18.8;
132.508;152.891;-4.69165;15.691;-21.2;-18.8;
132.481;153.255;-4.55248;16.2217;-21.2;-18.8;
132.476;153.642;-4.42621;16.7402;-21.2;-18.8;
132.494;154.05;-4.31231;17.2436;-21.2;-18.8;
132.535;154.475;-4.21031;17.7293;-21.2;-18.8;
132.599;154.914;-4.11982;18.1951;-21.2;-18.8;
132.685;155.365;-4.04052;18.6394;-21.2;-18.8;
132.793;155.825;-3.97214;19.0604;-21.2;-18.8;
132.921;156.293;-3.91442;19.457;-21.2;-18.8;
133.071;156.766;-3.86716;19.828;-21.2;-18.8;
133.24;157.243;-3.83018;20.1728;-21.2;-18.8;
133.427;157.721;-3.80329;20.4905;-21.2;-18.8;
133.633;158.2;-3.78634;20.7807;-21.2;-18.8;
133.855;158.677;-3.77917;21.0432;-21.2;-18.8;
134.093;159.152;-3.78162;21.2777;-21.2;-18.8;
134.346;159.624;-3.79353;21.4842;-21.2;-18.8;
134.613;160.09;-3.81475;21.6627;-21.2;-18.8;
134.892;160.551;-3.84512;21.8134;-21.2;-18.8;
135.184;161.005;-3.88447;21.9365;-21.2;-18.8;
135.486;161.451;-3.93264;22.0323;-21.2;-18.8;
135.798;161.889;-3.98945;22.1012;-21.2;-18.8;
136.119;162.317;-4.05473;22.1435;-21.2;-18.8;
136.448;162.736;-4.12831;22.1599;-21.2;-18.8;
136.784;163.144;-4.21001;22.1507;-21.2;-18.8;
137.126;163.542;-4.29964;22.1167;-21.2;-18.8;
137.462;163.94;-4.40852;22.0699;-21.2;-18.8;
137.821;164.307;-4.50571;21.9801;-21.2;-18.8;
138.184;164.662;-4.61055;21.8675;-21.2;-18.8;
138.549;165.005;-4.72287;21.733;-21.2;-18.8;
138.916;165.335;-4.84255;21.577;-21.2;-18.8;
139.62;165.99;-5.13462;21.2353;-21.2;-18.8;
139.981;166.289;-5.28156;21.0259;-21.2;-18.8;
140.341;166.574;-5.43496;20.7978;-21.2;-18.8;
140.7;166.847;-5.59469;20.552;-21.2;-18.8;
141.056;167.106;-5.76062;20.2891;-21.2;-18.8;
141.409;167.352;-5.93265;20.0099;-21.2;-18.8;
141.759;167.585;-6.11067;19.7154;-21.2;-18.8;
142.104;167.805;-6.2946;19.4062;-21.2;-18.8;
142.444;168.012;-6.48438;19.0833;-21.2;-18.8;
142.779;168.206;-6.67994;18.7474;-21.2;-18.8;
143.107;168.388;-6.88124;18.3994;-21.2;-18.8;
143.429;168.558;-7.08827;18.0401;-21.2;-18.8;
143.744;168.715;-7.301;17.6703;-21.2;-18.8;
144.051;168.861;-7.51945;17.2909;-21.2;-18.8;
144.349;168.996;-7.74365;16.9028;-21.2;-18.8;
144.639;169.119;-7.97363;16.5067;-21.2;-18.8;
144.919;169.232;-8.20946;16.1036;-21.2;-18.8;
145.189;169.334;-8.4512;15.6942;-21.2;-18.8;
145.448;169.426;-8.69896;15.2794;-21.2;-18.8;
145.696;169.509;-8.95285;14.8602;-21.2;-18.8;
145.932;169.583;-9.21298;14.4373;-21.2;-18.8;
146.156;169.647;-9.47951;14.0117;-21.2;-18.8;
146.367;169.704;-9.75257;13.5841;-21.2;-18.8;
146.565;169.753;-10.0323;13.1554;-21.2;-18.8;
146.748;169.794;-10.319;12.7266;-21.2;-18.8;
146.917;169.828;-10.6127;12.2984;-21.2;-18.8;
147.071;169.856;-10.9137;11.8718;-21.2;-18.8;
147.209;169.878;-11.2221;11.4475;-21.2;-18.8;
147.331;169.895;-11.5381;11.0264;-21.2;-18.8;
147.435;169.907;-11.8619;10.6094;-21.2;-18.8;
147.523;169.914;-12.1937;10.1973;-21.2;-18.8;
147.593;169.917;-12.5337;9.79076;-21.2;-18.8;
147.644;169.916;-12.8819;9.39072;-21.2;-18.8;
147.676;169.912;-13.2385;8.99789;-21.2;-18.8;
147.689;169.906;-13.6036;8.61302;-21.2;-18.8;
147.682;169.896;-13.9772;8.23683;-21.2;-18.8;
147.655;169.884;-14.3593;7.87001;-21.2;-18.8;
147.607;169.87;-14.7499;7.51323;-21.2;-18.8;
147.538;169.854;-15.1489;7.16711;-21.2;-18.8;
147.447;169.836;-15.5561;6.83225;-21.2;-18.8;
147.335;169.816;-15.9713;6.50922;-21.2;-18.8;
147.201;169.794;-16.3942;6.19856;-21.2;-18.8;
147.044;169.77;-16.8244;5.90077;-21.2;-18.8;
146.866;169.743;-17.2613;5.61636;-21.2;-18.8;
146.667;169.714;-17.6993;5.34778;-21.2;-18.8;
146.457;169.68;-18.1219;5.10101;-21.2;-18.8;
146.238;169.642;-18.5299;4.87447;-21.2;-18.8;
146.008;169.599;-18.9245;4.66666;-21.2;-18.8;
145.769;169.552;-19.307;4.47631;-21.2;-18.8;
145.518;169.5;-19.6789;4.3023;-21.2;-18.8;
145.257;169.442;-20.0418;4.14375;-21.2;-18.8;
144.983;169.38;-20.3971;3.99991;-21.2;-18.8;
144.695;169.312;-20.7466;3.87028;-21.2;-18.8;
144.392;169.238;-21.0916;3.75454;-21.2;-18.8;
144.071;169.157;-21.4337;3.65262;-21.2;-18.8;
143.731;169.069;-21.7741;3.56469;-21.2;-18.8;
143.368;168.974;-22.1141;3.49119;-21.2;-18.8;
142.982;168.869;-22.4545;3.43286;-21.2;-18.8;
142.568;168.755;-22.7959;3.39078;-21.2;-18.8;
142.124;168.629;-23.1387;3.36632;-21.2;-18.8;
141.648;168.492;-23.4828;3.36125;-21.2;-18.8;
141.136;168.342;-23.8279;3.37767;-21.2;-18.8;
140.605;168.184;-24.1617;3.41717;-21.2;-18.8;
140.062;168.02;-24.4782;3.47998;-21.2;-18.8;
139.51;167.853;-24.7764;3.56618;-21.2;-18.8;
138.951;167.682;-25.0551;3.67571;-21.2;-18.8;
138.386;167.508;-25.3136;3.80845;-21.2;-18.8;
137.816;167.332;-25.551;3.96417;-21.2;-18.8;
137.245;167.154;-25.7667;4.14251;-21.2;-18.8;
136.673;166.976;-25.9602;4.34307;-21.2;-18.8;
136.102;166.799;-26.1312;4.56532;-21.2;-18.8;
135.535;166.623;-26.2794;4.80866;-21.2;-18.8;
134.972;166.449;-26.4047;5.07242;-21.2;-18.8;
134.415;166.278;-26.507;5.35585;-21.2;-18.8;
133.866;166.111;-26.5865;5.65813;-21.2;-18.8;
133.326;165.948;-26.6433;5.97839;-21.2;-18.8;
132.798;165.791;-26.6775;6.31571;-21.2;-18.8;
132.281;165.64;-26.6895;6.66912;-21.2;-18.8;
131.778;165.495;-26.6798;7.03762;-21.2;-18.8;
131.289;165.358;-26.6487;7.42016;-21.2;-18.8;
130.816;165.229;-26.5973;7.8157;-21.2;-18.8;
130.36;165.109;-26.5261;8.22317;-21.2;-18.8;
129.92;164.997;-26.4356;8.64149;-21.2;-18.8;
129.499;164.895;-26.3266;9.06957;-21.2;-18.8;
129.097;164.803;-26.1998;9.50633;-21.2;-18.8;
128.714;164.72;-26.0559;9.95069;-21.2;-18.8;
128.351;164.648;-25.8955;10.4016;-21.2;-18.8;
128.01;164.587;-25.7195;10.8579;-21.2;-18.8;
127.689;164.536;-25.5287;11.3186;-21.2;-18.8;
127.39;164.496;-25.3237;11.7827;-21.2;-18.8;
127.113;164.468;-25.1054;12.2491;-21.2;-18.8;
126.858;164.45;-24.8746;12.7169;-21.2;-18.8;
126.626;164.443;-24.6321;13.1851;-21.2;-18.8;
126.416;164.447;-24.3785;13.6527;-21.2;-18.8;
126.228;164.462;-24.1148;14.1189;-21.2;-18.8;
126.064;164.488;-23.8416;14.5827;-21.2;-18.8;
125.922;164.525;-23.5597;15.0434;-21.2;-18.8;
125.802;164.572;-23.2699;15.5;-21.2;-18.8;
125.705;164.63;-22.9729;15.9518;-21.2;-18.8;
125.63;164.698;-22.6693;16.3981;-21.2;-18.8;
125.578;164.776;-22.3598;16.8382;-21.2;-18.8;
125.547;164.863;-22.0452;17.2714;-21.2;-18.8;
125.538;164.961;-21.726;17.6969;-21.2;-18.8;
125.55;165.067;-21.4029;18.1143;-21.2;-18.8;
125.583;165.182;-21.0764;18.523;-21.2;-18.8;
125.637;165.307;-20.7472;18.9223;-21.2;-18.8;
125.711;165.439;-20.4159;19.3119;-21.2;-18.8;
125.805;165.579;-20.0829;19.6912;-21.2;-18.8;
125.919;165.728;-19.7487;20.0598;-21.2;-18.8;
126.052;165.883;-19.4139;20.4173;-21.2;-18.8;
126.203;166.046;-19.0789;20.7633;-21.2;-18.8;
126.373;166.215;-18.7441;21.0974;-21.2;-18.8;
126.561;166.39;-18.4101;21.4194;-21.2;-18.8;
126.766;166.572;-18.077;21.7288;-21.2;-18.8;
126.988;166.759;-17.7455;22.0256;-21.2;-18.8;
127.227;166.952;-17.4157;22.3094;-21.2;-18.8;
127.482;167.15;-17.0881;22.58;-21.2;-18.8;
127.752;167.352;-16.763;22.8373;-21.2;-18.8;
128.037;167.559;-16.4406;23.0811;-21.2;-18.8;
128.337;167.769;-16.1213;23.3113;-21.2;-18.8;
128.651;167.984;-15.8052;23.5278;-21.2;-18.8;
128.978;168.201;-15.4928;23.7305;-21.2;-18.8;
129.319;168.422;-15.1841;23.9192;-21.2;-18.8;
129.672;168.645;-14.8793;24.0941;-21.2;-18.8;
130.037;168.871;-14.5788;24.255;-21.2;-18.8;
130.414;169.099;-14.2826;24.402;-21.2;-18.8;
130.803;169.329;-13.991;24.535;-21.2;-18.8;
131.202;169.56;-13.704;24.6541;-21.2;-18.8;
131.612;169.793;-13.4218;24.7592;-21.2;-18.8;
132.031;170.026;-13.1445;24.8506;-21.2;-18.8;
132.46;170.261;-12.8723;24.9282;-21.2;-18.8;
132.898;170.496;-12.6053;24.9921;-21.2;-18.8;
133.345;170.731;-12.3435;25.0424;-21.2;-18.8;
133.8;170.966;-12.087;25.0792;-21.2;-18.8;
134.263;171.201;-11.8359;25.1026;-21.2;-18.8;
134.74;171.437;-11.586;25.1113;-21.2;-18.8;
135.238;171.676;-11.3332;25.1039;-21.2;-18.8;
135.758;171.916;-11.0779;25.08;-21.2;-18.8;
136.297;172.158;-10.8211;25.0394;-21.2;-18.8;
136.856;172.402;-10.5636;24.9821;-21.2;-18.8;
137.433;172.647;-10.3062;24.908;-21.2;-18.8;
138.026;172.893;-10.0495;24.8172;-21.2;-18.8;
138.636;173.14;-9.79434;24.7095;-21.2;-18.8;
139.262;173.388;-9.54128;24.5851;-21.2;-18.8;
139.901;173.636;-9.29096;24.4441;-21.2;-18.8;
140.555;173.885;-9.04396;24.2866;-21.2;-18.8;
141.221;174.134;-8.80085;24.1127;-21.2;-18.8;
141.898;174.383;-8.56215;23.9225;-21.2;-18.8;
142.587;174.632;-8.32839;23.7163;-21.2;-18.8;
143.286;174.88;-8.10004;23.4943;-21.2;-18.8;
143.994;175.128;-7.8776;23.2567;-21.2;-18.8;
144.71;175.375;-7.66152;23.0039;-21.2;-18.8;
145.434;175.622;-7.45226;22.7361;-21.2;-18.8;
146.164;175.868;-7.25026;22.4536;-21.2;-18.8;
146.901;176.113;-7.05596;22.1568;-21.2;-18.8;
147.642;176.358;-6.86979;21.8461;-21.2;-18.8;
148.387;176.601;-6.69219;21.5219;-21.2;-18.8;
149.136;176.844;-6.52359;21.1846;-21.2;-18.8;
149.886;177.085;-6.36443;20.8348;-21.2;-18.8;
150.638;177.326;-6.21517;20.4729;-21.2;-18.8;
151.391;177.566;-6.07625;20.0996;-21.2;-18.8;
152.142;177.806;-5.94813;19.7153;-21.2;-18.8;
152.893;178.045;-5.83131;19.3207;-21.2;-18.8;
153.64;178.283;-5.72628;18.9166;-21.2;-18.8;
154.384;178.522;-5.63356;18.5036;-21.2;-18.8;
155.124;178.76;-5.55367;18.0824;-21.2;-18.8;
155.857;178.999;-5.48719;17.654;-21.2;-18.8;
156.584;179.238;-5.43468;17.2192;-21.2;-18.8;
157.302;179.478;-5.39677;16.7789;-21.2;-18.8;
158.012;179.72;-5.37405;16.334;-21.2;-18.8;
158.71;179.963;-5.36718;15.8856;-21.2;-18.8;
159.397;180.208;-5.37683;15.4348;-21.2;-18.8;
160.07;180.456;-5.40366;14.9826;-21.2;-18.8;
160.729;180.708;-5.44838;14.5303;-21.2;-18.8;
161.372;180.962;-5.51165;14.0791;-21.1988;-18.8;
161.997;181.221;-5.59413;13.6303;-21.1148;-18.8;
162.603;181.485;-5.69647;13.185;-21.0373;-18.8;
163.189;181.753;-5.81923;12.7447;-20.9665;-18.8;
163.753;182.027;-5.96292;12.3106;-20.9026;-18.8;
164.295;182.306;-6.12794;11.8839;-20.8458;-18.8;
164.811;182.592;-6.31457;11.4659;-20.7961;-18.8;
165.303;182.883;-6.52293;11.0577;-20.7535;-18.8;
165.767;183.181;-6.75294;10.6603;-20.7182;-18.8;
166.205;183.484;-7.00432;10.2747;-20.6901;-18.8;
166.613;183.792;-7.27653;9.90173;-20.6691;-18.8;
166.993;184.104;-7.56875;9.5421;-20.6552;-18.8;
167.344;184.421;-7.87988;9.19636;-20.648;-18.8;
167.666;184.739;-8.20847;8.86489;-20.6474;-18.8;
167.958;185.059;-8.55281;8.54798;-20.6531;-18.8;
168.222;185.378;-8.91081;8.24576;-20.6646;-18.8;
168.455;185.691;-9.27582;7.96097;-20.6813;-18.8;
168.654;185.986;-9.63289;7.69994;-20.7014;-18.8;
168.82;186.257;-9.97318;7.46352;-20.7232;-18.8;
168.96;186.505;-10.2967;7.24781;-20.7459;-18.8;
169.078;186.732;-10.6045;7.04941;-20.7691;-18.8;
169.176;186.94;-10.8984;6.86552;-20.7925;-18.8;
169.259;187.133;-11.1807;6.69359;-20.8162;-18.8;
169.327;187.312;-11.4533;6.53186;-20.84;-18.8;
169.382;187.477;-11.7155;6.37998;-20.8639;-18.8;
169.426;187.63;-11.9665;6.23769;-20.8875;-18.8;
169.46;187.77;-12.2057;6.1048;-20.9107;-18.8;
169.484;187.898;-12.4325;5.98115;-20.9334;-18.8;
169.5;188.013;-12.6464;5.86662;-20.9553;-18.8;
169.51;188.118;-12.8481;5.76068;-20.9765;-18.8;
169.513;188.215;-13.0399;5.66228;-20.9972;-18.8;
169.51;188.303;-13.2224;5.57111;-21.0176;-18.8;
169.501;188.385;-13.3977;5.4863;-21.0378;-18.8;
169.489;188.461;-13.5634;5.40867;-21.0577;-18.8;
169.472;188.53;-13.7191;5.33828;-21.0769;-18.8;
169.453;188.592;-13.8648;5.27509;-21.0956;-18.8;
169.435;188.64;-13.9783;5.22653;-21.1103;-18.8;
169.42;188.676;-14.0654;5.19043;-21.1219;-18.8;
169.318;188.94;-14.6147;5.00739;-21.2;-18.8;
169.235;189.239;-15.1645;4.83921;-21.2;-18.8;
169.174;189.569;-15.7102;4.68508;-21.2;-18.8;
169.135;189.927;-16.2478;4.54424;-21.2;-18.8;
169.119;190.309;-16.774;4.41606;-21.2;-18.8;
169.127;190.712;-17.2855;4.29999;-21.2;-18.8;
169.157;191.133;-17.7798;4.19558;-21.2;-18.8;
169.211;191.568;-18.2546;4.10245;-21.2;-18.8;
169.288;192.017;-18.7081;4.02028;-21.2;-18.8;
169.387;192.475;-19.1385;3.94881;-21.2;-18.8;
169.508;192.94;-19.5446;3.8878;-21.2;-18.8;
169.65;193.412;-19.9252;3.83706;-21.2;-18.8;
169.812;193.888;-20.2795;3.79642;-21.2;-18.8;
169.993;194.365;-20.6067;3.76571;-21.2;-18.8;
170.193;194.844;-20.9064;3.74478;-21.2;-18.8;
170.409;195.321;-21.1782;3.73349;-21.2;-18.8;
170.643;195.796;-21.422;3.73169;-21.2;-18.8;
170.891;196.268;-21.6375;3.73924;-21.2;-18.8;
171.155;196.735;-21.8249;3.756;-21.2;-18.8;
171.431;197.197;-21.9843;3.78181;-21.2;-18.8;
171.72;197.652;-22.1158;3.81651;-21.2;-18.8;
172.02;198.099;-22.2198;3.85995;-21.2;-18.8;
172.33;198.539;-22.2966;3.91197;-21.2;-18.8;
172.65;198.969;-22.3467;3.9724;-21.2;-18.8;
172.978;199.389;-22.3705;4.04107;-21.2;-18.8;
173.313;199.8;-22.3686;4.1178;-21.2;-18.8;
173.655;200.199;-22.3414;4.20242;-21.2;-18.8;
174.003;200.587;-22.2897;4.29476;-21.2;-18.8;
174.355;200.964;-22.2141;4.39464;-21.2;-18.8;
174.712;201.329;-22.1151;4.50188;-21.2;-18.8;
175.071;201.681;-21.9936;4.61633;-21.2;-18.8;
175.433;202.021;-21.8501;4.73781;-21.2;-18.8;
175.796;202.348;-21.6854;4.86616;-21.2;-18.8;
176.16;202.662;-21.5002;5.00123;-21.2;-18.8;
176.525;202.963;-21.2953;5.14286;-21.2;-18.8;
176.888;203.251;-21.0715;5.29091;-21.2;-18.8;
177.25;203.525;-20.8296;5.44526;-21.2;-18.8;
177.61;203.786;-20.5702;5.60576;-21.2;-18.8;
177.968;204.035;-20.2944;5.77232;-21.2;-18.8;
178.322;204.27;-20.0028;5.94484;-21.2;-18.8;
178.672;204.492;-19.6963;6.12322;-21.2;-18.8;
179.018;204.701;-19.3756;6.30739;-21.2;-18.8;
179.358;204.897;-19.0417;6.4973;-21.2;-18.8;
179.693;205.081;-18.6954;6.69289;-21.2;-18.8;
180.021;205.252;-18.3374;6.89414;-21.2;-18.8;
180.342;205.412;-17.9686;7.10105;-21.2;-18.8;
180.656;205.559;-17.5899;7.3136;-21.2;-18.8;
180.961;205.695;-17.202;7.53184;-21.2;-18.8;
181.259;205.82;-16.8059;7.75578;-21.2;-18.8;
181.546;205.934;-16.4024;7.9855;-21.2;-18.8;
181.824;206.038;-15.9923;8.22107;-21.2;-18.8;
182.092;206.131;-15.5765;8.46258;-21.2;-18.8;
182.349;206.215;-15.1559;8.71013;-21.2;-18.8;
182.594;206.289;-14.7313;8.96387;-21.2;-18.8;
182.828;206.355;-14.3035;9.22391;-21.2;-18.8;
183.048;206.412;-13.8735;9.49043;-21.2;-18.8;
183.256;206.462;-13.4421;9.76359;-21.2;-18.8;
183.45;206.504;-13.0101;10.0436;-21.2;-18.8;
183.629;206.538;-12.5785;10.3306;-21.2;-18.8;
183.794;206.567;-12.148;10.6248;-21.2;-18.8;
183.943;206.589;-11.7196;10.9264;-21.2;-18.8;
184.077;206.606;-11.2941;11.2356;-21.2;-18.8;
184.194;206.619;-10.8723;11.5527;-21.2;-18.8;
184.293;206.626;-10.4551;11.8777;-21.2;-18.8;
184.375;206.629;-10.0432;12.2109;-21.2;-18.8;
184.439;206.629;-9.63751;12.5525;-21.2;-18.8;
184.484;206.626;-9.23877;12.9026;-21.2;-18.8;
184.51;206.619;-8.84774;13.2613;-21.2;-18.8;
184.517;206.61;-8.46514;13.6286;-21.2;-18.8;
184.503;206.599;-8.09168;14.0047;-21.2;-18.8;
184.469;206.586;-7.72803;14.3896;-21.2;-18.8;
184.413;206.571;-7.37484;14.7831;-21.2;-18.8;
184.337;206.555;-7.03272;15.1851;-21.2;-18.8;
184.239;206.536;-6.70225;15.5955;-21.2;-18.8;
184.119;206.517;-6.38398;16.0141;-21.2;-18.8;
183.976;206.495;-6.07843;16.4404;-21.2;-18.8;
183.812;206.472;-5.7861;16.8741;-21.2;-18.8;
183.633;206.445;-5.51454;17.297;-21.2;-18.8;
183.444;206.413;-5.2641;17.705;-21.2;-18.8;
183.244;206.376;-5.03332;18.0987;-21.2;-18.8;
182.948;206.422;-4.9074;18.5659;-21.2;-18.8;
182.726;206.378;-4.71468;18.9371;-21.2;-18.8;
182.494;206.33;-4.53826;19.298;-21.2;-18.8;
182.25;206.278;-4.37736;19.6501;-21.2;-18.8;
181.994;206.221;-4.23136;19.9951;-21.2;-18.8;
181.549;205.983;-3.87318;20.5611;-21.2;-18.8;
181.252;205.905;-3.76379;20.8887;-21.2;-18.8;
180.937;205.82;-3.66772;21.2149;-21.2;-18.8;
180.601;205.727;-3.58529;21.5409;-21.2;-18.8;
180.241;205.626;-3.51713;21.8679;-21.2;-18.8;
179.855;205.516;-3.46419;22.1968;-21.2;-18.8;
179.439;205.395;-3.42778;22.5281;-21.2;-18.8;
178.991;205.262;-3.40958;22.8621;-21.2;-18.8;
178.506;205.117;-3.41167;23.1986;-21.2;-18.8;
177.988;204.958;-3.43641;23.5342;-21.2;-18.8;
177.454;204.794;-3.48492;23.8556;-21.2;-18.8;
176.909;204.626;-3.55731;24.1595;-21.2;-18.8;
176.355;204.453;-3.65359;24.4447;-21.2;-18.8;
175.795;204.278;-3.77365;24.7102;-21.2;-18.8;
175.229;204.101;-3.9173;24.9554;-21.2;-18.8;
174.659;203.923;-4.08421;25.1794;-21.2;-18.8;
174.088;203.744;-4.274;25.3819;-21.2;-18.8;
173.517;203.566;-4.48616;25.5622;-21.2;-18.8;
172.948;203.389;-4.72011;25.7202;-21.2;-18.8;
172.383;203.214;-4.97518;25.8557;-21.2;-18.8;
171.823;203.042;-5.25065;25.9686;-21.2;-18.8;
171.269;202.874;-5.54569;26.0588;-21.2;-18.8;
170.724;202.711;-5.85946;26.1266;-21.2;-18.8;
170.189;202.552;-6.19101;26.172;-21.2;-18.8;
169.666;202.4;-6.5394;26.1955;-21.2;-18.8;
169.154;202.255;-6.90359;26.1973;-21.2;-18.8;
168.657;202.117;-7.28256;26.1779;-21.2;-18.8;
168.174;201.987;-7.67523;26.1378;-21.2;-18.8;
167.708;201.866;-8.08052;26.0776;-21.2;-18.8;
167.258;201.753;-8.49731;25.9978;-21.2;-18.8;
166.827;201.65;-8.9245;25.8991;-21.2;-18.8;
166.414;201.557;-9.36096;25.7822;-21.2;-18.8;
166.021;201.474;-9.80559;25.6478;-21.2;-18.8;
165.647;201.401;-10.2573;25.4966;-21.2;-18.8;
165.295;201.339;-10.7149;25.3293;-21.2;-18.8;
164.964;201.288;-11.1774;25.1468;-21.2;-18.8;
164.654;201.247;-11.6437;24.9498;-21.2;-18.8;
164.366;201.218;-12.1127;24.7392;-21.2;-18.8;
164.101;201.2;-12.5834;24.5156;-21.2;-18.8;
163.858;201.193;-13.0549;24.28;-21.2;-18.8;
163.638;201.197;-13.5261;24.033;-21.2;-18.8;
163.441;201.212;-13.9961;23.7755;-21.2;-18.8;
163.266;201.239;-14.464;23.5083;-21.2;-18.8;
163.115;201.276;-14.9289;23.2321;-21.2;-18.8;
162.986;201.323;-15.39;22.9476;-21.2;-18.8;
162.88;201.382;-15.8464;22.6556;-21.2;-18.8;
162.796;201.451;-16.2974;22.3568;-21.2;-18.8;
162.735;201.529;-16.7423;22.0519;-21.2;-18.8;
162.696;201.618;-17.1803;21.7416;-21.2;-18.8;
162.679;201.717;-17.6108;21.4266;-21.2;-18.8;
162.684;201.824;-18.0331;21.1074;-21.2;-18.8;
162.71;201.941;-18.4466;20.7848;-21.2;-18.8;
162.757;202.067;-18.8509;20.4592;-21.2;-18.8;
162.824;202.201;-19.2453;20.1313;-21.2;-18.8;
162.912;202.343;-19.6294;19.8016;-21.2;-18.8;
163.02;202.493;-20.0028;19.4706;-21.2;-18.8;
163.147;202.651;-20.3649;19.1388;-21.2;-18.8;
163.293;202.815;-20.7154;18.8068;-21.2;-18.8;
163.458;202.987;-21.054;18.4749;-21.2;-18.8;
163.641;203.164;-21.3802;18.1436;-21.2;-18.8;
163.841;203.348;-21.6938;17.8133;-21.2;-18.8;
164.059;203.538;-21.9946;17.4844;-21.2;-18.8;
164.293;203.733;-22.2822;17.1572;-21.2;-18.8;
164.544;203.933;-22.5565;16.8321;-21.2;-18.8;
164.811;204.137;-22.8173;16.5095;-21.2;-18.8;
165.092;204.346;-23.0645;16.1895;-21.2;-18.8;
165.389;204.559;-23.2978;15.8726;-21.2;-18.8;
165.7;204.776;-23.5173;15.559;-21.2;-18.8;
166.024;204.996;-23.7227;15.249;-21.2;-18.8;
166.362;205.219;-23.9141;14.9426;-21.2;-18.8;
166.713;205.445;-24.0914;14.6403;-21.2;-18.8;
167.076;205.673;-24.2545;14.3421;-21.2;-18.8;
167.452;205.903;-24.4034;14.0483;-21.2;-18.8;
167.838;206.135;-24.5383;13.7591;-21.2;-18.8;
168.236;206.369;-24.659;13.4745;-21.2;-18.8;
168.643;206.604;-24.7656;13.1947;-21.2;-18.8;
169.061;206.84;-24.8582;12.9199;-21.2;-18.8;
169.489;207.076;-24.9369;12.6502;-21.2;-18.8;
169.926;207.313;-25.0017;12.3856;-21.2;-18.8;
170.371;207.55;-25.0527;12.1263;-21.2;-18.8;
170.825;207.788;-25.09;11.8723;-21.2;-18.8;
171.287;208.025;-25.1138;11.6237;-21.2;-18.8;
171.76;208.262;-25.1235;11.3787;-21.2;-18.8;
172.25;208.5;-25.1178;11.133;-21.2;-18.8;
172.761;208.741;-25.0954;10.8846;-21.2;-18.8;
173.293;208.984;-25.0563;10.6344;-21.2;-18.8;
173.844;209.228;-25.0003;10.3833;-21.2;-18.8;
174.414;209.473;-24.9274;10.132;-21.2;-18.8;
175.001;209.72;-24.8376;9.8813;-21.2;-18.8;
175.604;209.967;-24.7309;9.63189;-21.2;-18.8;
176.224;210.215;-24.6073;9.38444;-21.2;-18.8;
176.858;210.464;-24.4669;9.13958;-21.2;-18.8;
177.505;210.713;-24.3099;8.8979;-21.2;-18.8;
178.166;210.962;-24.1363;8.65997;-21.2;-18.8;
178.839;211.211;-23.9463;8.42635;-21.2;-18.8;
179.521;211.46;-23.7407;8.19814;-21.2;-18.8;
180.214;211.708;-23.5191;7.97519;-21.2;-18.8;
180.916;211.956;-23.2818;7.75797;-21.2;-18.8;
181.627;212.203;-23.0289;7.54697;-21.2;-18.8;
182.346;212.449;-22.7609;7.34264;-21.2;-18.8;
183.072;212.695;-22.478;7.14544;-21.2;-18.8;
183.803;212.94;-22.1806;6.95583;-21.2;-18.8;
184.54;213.184;-21.8692;6.77424;-21.2;-18.8;
185.281;213.427;-21.5441;6.60112;-21.2;-18.8;
186.026;213.669;-21.2058;6.43691;-21.2;-18.8;
186.773;213.91;-20.8548;6.28206;-21.2;-18.8;
187.521;214.15;-20.4916;6.13703;-21.2;-18.8;
188.27;214.389;-20.1167;6.00227;-21.2;-18.8;
189.019;214.628;-19.7309;5.87826;-21.2;-18.8;
189.766;214.866;-19.3347;5.76549;-21.2;-18.8;
190.51;215.103;-18.9288;5.66447;-21.2;-18.8;
191.251;215.341;-18.5139;5.5757;-21.2;-18.8;
191.988;215.578;-18.0908;5.49975;-21.2;-18.8;
192.718;215.816;-17.6604;5.43717;-21.2;-18.8;
193.442;216.054;-17.2236;5.38854;-21.2;-18.8;
194.158;216.293;-16.7812;5.35448;-21.2;-18.8;
194.864;216.534;-16.3342;5.33563;-21.2;-18.8;
195.56;216.776;-15.8838;5.33262;-21.2;-18.8;
196.243;217.02;-15.431;5.34614;-21.2;-18.8;
196.914;217.267;-14.9769;5.37686;-21.2;-18.8;
197.569;217.518;-14.5227;5.42548;-21.2;-18.8;
198.209;217.771;-14.0697;5.49266;-21.1923;-18.8;
198.831;218.029;-13.6192;5.57907;-21.1088;-18.8;
199.434;218.291;-13.1724;5.68535;-21.032;-18.8;
200.016;218.559;-12.7306;5.81206;-20.9618;-18.8;
200.577;218.832;-12.2951;5.9597;-20.8985;-18.8;
201.114;219.11;-11.8671;6.12867;-20.8423;-18.8;
201.627;219.394;-11.4479;6.31925;-20.7932;-18.8;
202.115;219.685;-11.0387;6.53153;-20.7513;-18.8;
202.575;219.981;-10.6404;6.76542;-20.7167;-18.8;
203.008;220.283;-10.2541;7.02063;-20.6892;-18.8;
203.413;220.59;-9.88047;7.29658;-20.6689;-18.8;
203.789;220.902;-9.52032;7.59244;-20.6555;-18.8;
204.136;221.218;-9.17323;7.90804;-20.649;-18.8;
204.454;221.536;-8.84056;8.24118;-20.6491;-18.8;
204.743;221.856;-8.52266;8.58999;-20.6555;-18.8;
205.003;222.175;-8.21966;8.95235;-20.6678;-18.8;
205.233;222.49;-7.93312;9.32336;-20.6854;-18.8;
205.429;222.786;-7.67074;9.68598;-20.7064;-18.8;
205.593;223.057;-7.43372;10.0304;-20.7289;-18.8;
205.73;223.304;-7.21812;10.3566;-20.7523;-18.8;
205.844;223.53;-7.0203;10.6658;-20.7759;-18.8;
205.939;223.737;-6.83708;10.9605;-20.7997;-18.8;
206.019;223.929;-6.66479;11.2457;-20.8239;-18.8;
206.084;224.108;-6.50276;11.521;-20.8483;-18.8;
206.137;224.274;-6.35066;11.7856;-20.8727;-18.8;
206.179;224.426;-6.20821;12.0388;-20.8969;-18.8;
206.21;224.565;-6.07521;12.28;-20.9205;-18.8;
206.232;224.693;-5.9515;12.5086;-20.9436;-18.8;
206.247;224.808;-5.83695;12.724;-20.9659;-18.8;
206.254;224.911;-5.73147;12.9259;-20.9872;-18.8;
206.255;225.004;-5.63483;13.1142;-21.0077;-18.8;
206.251;225.089;-5.54607;13.2911;-21.0274;-18.8;
206.242;225.166;-5.46427;13.459;-21.0467;-18.8;
206.229;225.236;-5.38934;13.6178;-21.0656;-18.8;
206.212;225.301;-5.3213;13.7675;-21.084;-18.8;
206.197;225.35;-5.26815;13.8846;-21.0985;-18.8;
206.185;225.384;-5.22965;13.969;-21.1089;-18.8;
206.09;225.648;-5.04397;14.5139;-21.1912;-18.8;
