0.03;0;-20;
0.04;0;-20;
0.05;0;-20;
0.0766667;0;-20;
0.106667;0;-20;
0.141667;0;-20;
0.181667;0;-20;
0.221667;0;-20;
0.261667;0;-20;
0.301667;0;-20;
0.348333;0;-20;
0.416667;0;-20;
0.496667;0;-20;
0.576667;0;-20;
0.656667;0;-20;
0.736667;0;-20;
0.818333;0;-20;
0.908333;0;-20;
0.998333;0;-20;
1.09833;0;-20;
1.2;0;-20;
1.31;0;-20;
1.42333;0;-20;
1.54333;0;-20;
1.66333;0;-20;
1.78333;0;-20;
1.90333;0;-20;
2.02333;0;-20;
2.15333;0;-20;
2.28333;0;-20;
2.41333;0;-20;
2.54333;0;-20;
2.68167;0;-20;
2.82167;0;-20;
2.96667;0;-20;
3.11667;0;-20;
3.26667;0;-20;
3.41667;0;-20;
3.57167;0;-20;
3.73167;0;-20;
3.89167;0;-20;
4.055;0;-20;
4.225;0;-20;
4.395;0;-20;
4.565;0;-20;
4.735;0;-20;
4.905;0;-20;
5.075;0;-20;
5.245;0;-20;
5.415;0;-20;
5.585;0;-20;
5.755;0;-20;
5.925;0;-20;
6.095;0;-20;
6.26167;0;-20;
6.42167;0;-20;
6.58167;0;-20;
6.74167;0;-20;
6.90167;0;-20;
7.06167;0;-20;
7.22167;0;-20;
7.37833;0;-20;
7.52833;0;-20;
7.67833;0;-20;
7.82833;0;-20;
7.97833;0;-20;
8.12833;0;-20;
8.27833;0;-20;
8.42833;0;-20;
8.57833;0;-20;
8.72833;0;-20;
8.87833;0;-20;
9.02833;0;-20;
9.17833;0;-20;
9.32833;0;-20;
9.47833;0;-20;
9.62833;0;-20;
9.77833;0;-20;
9.92833;0;-20;
10.0783;0;-20;
10.2283;0;-20;
10.3783;0;-20;
10.5283;0;-20;
10.6783;0;-20;
10.8283;0;-20;
10.9783;0;-20;
11.1283;0;-20;
11.2783;0;-20;
11.4283;0;-20;
11.5783;0;-20;
11.7283;0;-20;
11.8783;0;-20;
12.0283;0;-20;
12.1783;0;-20;
12.3283;0;-20;
12.6283;0;-20;
12.7783;0;-20;
12.9283;0;-20;
13.0783;0;-20;
13.2283;0;-20;
13.3783;0;-20;
13.5283;0;-20;
13.6783;0;-20;
13.8283;0;-20;
13.9783;0;-20;
14.1283;0;-20;
14.2783;0;-20;
14.4283;0;-20;
14.5783;0;-20;
14.7283;0;-20;
14.8783;0;-20;
15.0283;0;-20;
15.1783;0;-20;
15.3283;0;-20;
15.4783;0;-20;
15.6283;0;-20;
15.7783;0;-20;
15.9283;0;-20;
16.0783;0;-20;
16.2283;0;-20;
16.3783;0;-20;
16.5283;0;-20;
16.6783;0;-20;
16.8283;0;-20;
16.9783;0;-20;
17.1283;0;-20;
17.2783;0;-20;
17.4283;0;-20;
17.5783;0;-20;
17.7283;0;-20;
17.8783;0;-20;
18.0283;0;-20;
18.1783;0;-20;
18.3283;0;-20;
18.4783;0;-20;
18.6283;0;-20;
18.7783;0;-20;
18.9283;0;-20;
19.0783;0;-20;
19.2283;0;-20;
19.3783;0;-20;
19.5283;0;-20;
19.6783;0;-20;
19.8283;0;-20;
19.9783;0;-20;
20.1283;0;-20;
20.2783;0;-20;
20.4283;0;-20;
20.5783;0;-20;
20.7283;0;-20;
20.8783;0;-20;
21.0283;0;-20;
21.1783;0;-20;
21.3283;0;-20;
21.4783;0;-20;
21.6283;0;-20;
21.7783;0;-20;
21.9283;0;-20;
22.0783;0;-20;
22.2283;0;-20;
22.3783;0;-20;
22.5283;0;-20;
22.6783;0;-20;
22.8283;0;-20;
22.9783;0;-20;
23.1283;0;-20;
23.2783;0;-20;
23.4283;0;-20;
23.5783;0;-20;
23.7283;0;-20;
23.8783;0;-20;
24.0283;0;-20;
24.1783;0;-20;
24.3283;0;-20;
24.4783;0;-20;
24.6283;0;-20;
24.7783;0;-20;
24.9283;0;-20;
25.0783;0;-20;
25.2283;0;-20;
25.3783;0;-20;
25.5283;0;-20;
25.6783;0;-20;
25.8283;0;-20;
25.9783;0;-20;
26.1283;0;-20;
26.2783;0;-20;
26.4283;0;-20;
26.5783;0;-20;
26.7283;0;-20;
26.8783;0;-20;
27.0283;0;-20;
27.1783;0;-20;
27.3283;0;-20;
27.4783;0;-20;
27.6283;0;-20;
27.7783;0;-20;
27.9283;0;-20;
28.0783;0;-20;
28.2283;0;-20;
28.3783;0;-20;
28.5283;0;-20;
28.6783;0;-20;
28.8283;0;-20;
28.9783;0;-20;
29.1283;0;-20;
29.2783;0;-20;
29.4283;0;-20;
29.5783;0;-20;
29.7283;0;-20;
29.8783;0;-20;
30.0283;0;-20;
30.1783;0;-20;
30.3283;0;-20;
30.4783;0;-20;
30.6283;0;-20;
30.7783;0;-20;
30.9283;0;-20;
31.0783;0;-20;
31.2283;0;-20;
31.3783;0;-20;
31.5283;0;-20;
31.6783;0;-20;
31.8283;0;-20;
31.9783;0;-20;
32.1283;0;-20;
32.2783;0;-20;
32.4283;0;-20;
32.5783;0;-20;
32.7283;0;-20;
32.8783;0;-20;
33.0283;0;-20;
33.1783;0;-20;
33.3283;0;-20;
33.4783;0;-20;
33.6283;0;-20;
33.7783;0;-20;
33.9283;0;-20;
34.0783;0;-20;
34.2283;0;-20;
34.3783;0;-20;
34.5283;0;-20;
34.6783;0;-20;
34.8283;0;-20;
34.9783;0;-20;
35.1283;0;-20;
35.2783;0;-20;
35.4283;0;-20;
35.5783;0;-20;
35.7283;0;-20;
35.8783;0;-20;
36.0283;0;-20;
36.1783;0;-20;
36.3283;0;-20;
36.4783;0;-20;
36.6283;0;-20;
36.7783;0;-20;
36.9283;0;-20;
37.0783;0;-20;
37.2283;0;-20;
37.3783;0;-20;
37.5283;0;-20;
37.6783;0;-20;
37.8283;0;-20;
37.9783;0;-20;
38.1283;0;-20;
38.2783;0;-20;
38.4283;0;-20;
38.5783;0;-20;
38.7283;0;-20;
38.8783;0;-20;
39.0283;0;-20;
39.1783;0;-20;
39.3283;0;-20;
39.4783;0;-20;
39.6283;0;-20;
39.7783;0;-20;
39.9283;0;-20;
40.0783;0;-20;
40.2283;0;-20;
40.3783;0;-20;
40.5283;0;-20;
40.6783;0;-20;
40.8283;0;-20;
40.9783;0;-20;
41.1283;0;-20;
41.2783;0;-20;
41.4283;0;-20;
41.5783;0;-20;
41.7283;0;-20;
41.8783;0;-20;
42.0283;0;-20;
42.1783;0;-20;
42.3283;0;-20;
42.4783;0;-20;
42.6283;0;-20;
42.7783;0;-20;
42.9283;0;-20;
43.0783;0;-20;
43.2283;0;-20;
43.3783;0;-20;
43.5283;0;-20;
43.6783;0;-20;
43.8283;0;-20;
43.9783;0;-20;
44.1283;0;-20;
44.2783;0;-20;
44.4283;0;-20;
44.5783;0;-20;
44.7283;0;-20;
44.8783;0;-20;
45.0283;0;-20;
45.1783;0;-20;
45.3283;0;-20;
45.4783;0;-20;
45.6283;0;-20;
45.7783;0;-20;
45.9283;0;-20;
46.0783;0;-20;
46.2283;0;-20;
46.3783;0;-20;
46.5283;0;-20;
46.6783;0;-20;
46.8283;0;-20;
46.9783;0;-20;
47.1283;0;-20;
47.2783;0;-20;
47.4283;0;-20;
47.5783;0;-20;
47.7283;0;-20;
47.8783;0;-20;
48.0283;0;-20;
48.1783;0;-20;
48.3283;0;-20;
48.4783;0;-20;
48.6283;0;-20;
48.7783;0;-20;
48.9283;0;-20;
49.0783;0;-20;
49.2283;0;-20;
49.3783;0;-20;
49.5283;0;-20;
49.6783;0;-20;
49.8283;0;-20;
49.9783;0;-20;
50.1283;0;-20;
50.2783;0;-20;
50.4283;0;-20;
50.5783;0;-20;
50.7283;0;-20;
50.8783;0;-20;
51.0283;0;-20;
51.1783;0;-20;
51.3283;0;-20;
51.4783;0;-20;
51.6283;0;-20;
51.7783;0;-20;
51.9283;0;-20;
52.0783;0;-20;
52.2283;0;-20;
52.3783;0;-20;
52.5283;0;-20;
52.6783;0;-20;
52.8283;0;-20;
52.9783;0;-20;
53.1283;0;-20;
53.2783;0;-20;
53.4283;0;-20;
53.5783;0;-20;
53.7283;0;-20;
53.8783;0;-20;
54.0283;0;-20;
54.1783;0;-20;
54.3283;0;-20;
54.4783;0;-20;
54.6283;0;-20;
54.7783;0;-20;
54.9283;0;-20;
55.0783;0;-20;
55.2283;0;-20;
55.3783;0;-20;
55.5283;0;-20;
55.6783;0;-20;
55.8283;0;-20;
55.9783;0;-20;
56.1283;0;-20;
56.2783;0;-20;
56.4283;0;-20;
56.5783;0;-20;
56.7283;0;-20;
56.8783;0;-20;
57.0283;0;-20;
57.3283;0;-20;
57.4783;0;-20;
57.6283;0;-20;
57.7783;0;-20;
57.9283;0;-20;
58.0783;0;-20;
58.2283;0;-20;
58.3783;0;-20;
58.5283;0;-20;
58.6783;0;-20;
58.8283;0;-20;
58.9783;0;-20;
59.1283;0;-20;
59.2783;0;-20;
59.4283;0;-20;
59.5783;0;-20;
59.7283;0;-20;
59.8783;0;-20;
60.0283;0;-20;
60.1783;0;-20;
60.3283;0;-20;
60.4783;0;-20;
60.6283;0;-20;
60.7783;0;-20;
60.9283;0;-20;
61.0783;0;-20;
61.2283;0;-20;
61.3783;0;-20;
61.5283;0;-20;
61.6783;0;-20;
61.8283;0;-20;
61.9783;0;-20;
62.1283;0;-20;
62.2783;0;-20;
62.4283;0;-20;
62.5783;0;-20;
62.7283;0;-20;
62.8783;0;-20;
63.0283;0;-20;
63.1783;0;-20;
63.3283;0;-20;
63.4783;0;-20;
63.6283;0;-20;
63.7783;0;-20;
63.9283;0;-20;
64.0783;0;-20;
64.2283;0;-20;
64.3783;0;-20;
64.5283;0;-20;
64.6783;0;-20;
64.8283;0;-20;
64.9783;0;-20;
65.1283;0;-20;
65.2783;0;-20;
65.4283;0;-20;
65.5783;0;-20;
65.7283;0;-20;
65.8783;0;-20;
66.0283;0;-20;
66.1783;0;-20;
66.3283;0;-20;
66.4783;0;-20;
66.6283;0;-20;
66.7783;0;-20;
66.9283;0;-20;
67.0783;0;-20;
67.2283;0;-20;
67.3783;0;-20;
67.5283;0;-20;
67.6783;0;-20;
67.8283;0;-20;
67.9783;0;-20;
68.1283;0;-20;
68.2783;0;-20;
68.4283;0;-20;
68.5783;0;-20;
68.7283;0;-20;
68.8783;0;-20;
69.0283;0;-20;
69.1783;0;-20;
69.3283;0;-20;
69.4783;0;-20;
69.6283;0;-20;
69.7783;0;-20;
69.9283;0;-20;
70.0783;0;-20;
70.2283;0;-20;
70.3783;0;-20;
70.5283;0;-20;
70.6783;0;-20;
70.8283;0;-20;
70.9783;0;-20;
71.1283;0;-20;
71.2783;0;-20;
71.4283;0;-20;
71.5783;0;-20;
71.7283;0;-20;
71.8783;0;-20;
72.0283;0;-20;
72.1783;0;-20;
72.3283;0;-20;
72.4783;0;-20;
72.6283;0;-20;
72.7783;0;-20;
72.9283;0;-20;
73.0783;0;-20;
73.2283;0;-20;
73.3783;0;-20;
73.5283;0;-20;
73.6783;0;-20;
73.8283;0;-20;
73.9783;0;-20;
74.1283;0;-20;
74.2783;0;-20;
74.4283;0;-20;
74.5783;0;-20;
74.7283;0;-20;
74.8783;0;-20;
75.0283;0;-20;
75.1783;0;-20;
75.3283;0;-20;
75.4783;0;-20;
75.6283;0;-20;
75.7783;0;-20;
75.9283;0;-20;
76.0783;0;-20;
76.2283;0;-20;
76.3783;0;-20;
76.5283;0;-20;
76.6783;0;-20;
76.8283;0;-20;
76.9783;0;-20;
77.1283;0;-20;
77.2783;0;-20;
77.4283;0;-20;
77.5783;0;-20;
77.7283;0;-20;
77.8783;0;-20;
78.0283;0;-20;
78.1783;0;-20;
78.3283;0;-20;
78.4783;0;-20;
78.6283;0;-20;
78.7783;0;-20;
78.9283;0;-20;
79.0783;0;-20;
79.2283;0;-20;
79.3783;0;-20;
79.5283;0;-20;
79.6783;0;-20;
79.8283;0;-20;
79.9783;0;-20;
80.1283;0;-20;
80.2783;0;-20;
80.4283;0;-20;
80.5783;0;-20;
80.7283;0;-20;
80.8783;0;-20;
81.0283;0;-20;
81.1783;0;-20;
81.3283;0;-20;
81.4783;0;-20;
81.6283;0;-20;
81.7783;0;-20;
81.9283;0;-20;
82.0783;0;-20;
82.2283;0;-20;
82.3783;0;-20;
82.5283;0;-20;
82.6783;0;-20;
82.8283;0;-20;
82.9783;0;-20;
83.1283;0;-20;
83.2783;0;-20;
83.4283;0;-20;
83.5783;0;-20;
83.7283;0;-20;
83.8783;0;-20;
84.0283;0;-20;
84.1783;0;-20;
84.3283;0;-20;
84.4783;0;-20;
84.6283;0;-20;
84.7783;0;-20;
84.9283;0;-20;
85.0783;0;-20;
85.2283;0;-20;
85.3783;0;-20;
85.5283;0;-20;
85.6783;0;-20;
85.8283;0;-20;
85.9783;0;-20;
86.1283;0;-20;
86.2783;0;-20;
86.4283;0;-20;
86.5783;0;-20;
86.7283;0;-20;
86.8783;0;-20;
87.0283;0;-20;
87.1783;0;-20;
87.3283;0;-20;
87.4783;0;-20;
87.6283;0;-20;
87.7783;0;-20;
87.9283;0;-20;
88.0783;0;-20;
88.2283;0;-20;
88.3783;0;-20;
88.5283;0;-20;
88.6783;0;-20;
88.8283;0;-20;
88.9783;0;-20;
89.1283;0;-20;
89.2783;0;-20;
89.4283;0;-20;
89.5783;0;-20;
89.7283;0;-20;
89.8783;0;-20;
90.0283;0;-20;
90.1783;0;-20;
90.3283;0;-20;
90.4783;0;-20;
90.6283;0;-20;
90.7783;0;-20;
90.9283;0;-20;
91.0783;0;-20;
91.2283;0;-20;
91.3783;0;-20;
91.5283;0;-20;
91.6783;0;-20;
91.8283;0;-20;
91.9783;0;-20;
92.1283;0;-20;
92.2783;0;-20;
92.4283;0;-20;
92.5783;0;-20;
92.7283;0;-20;
92.8783;0;-20;
93.0283;0;-20;
93.1783;0;-20;
93.3283;0;-20;
93.4783;0;-20;
93.6283;0;-20;
93.7783;0;-20;
93.9283;0;-20;
94.0783;0;-20;
94.2283;0;-20;
94.3783;0;-20;
94.5283;0;-20;
94.6783;0;-20;
94.8283;0;-20;
94.9783;0;-20;
95.1283;0;-20;
95.2783;0;-20;
95.4283;0;-20;
95.5783;0;-20;
95.7283;0;-20;
95.8783;0;-20;
96.0283;0;-20;
96.1783;0;-20;
96.3283;0;-20;
96.4783;0;-20;
96.6283;0;-20;
96.7783;0;-20;
96.9283;0;-20;
97.0783;0;-20;
97.2283;0;-20;
97.3783;0;-20;
97.5283;0;-20;
97.6783;0;-20;
97.8283;0;-20;
97.9783;0;-20;
98.1283;0;-20;
98.2783;0;-20;
98.4283;0;-20;
98.5783;0;-20;
98.7283;0;-20;
98.8783;0;-20;
99.0283;0;-20;
99.1783;0;-20;
99.3283;0;-20;
99.4783;0;-20;
99.6283;0;-20;
99.7783;0;-20;
99.9283;0;-20;
100.078;0;-20;
100.228;0;-20;
100.378;0;-20;
100.528;0;-20;
100.678;0;-20;
100.828;0;-20;
100.978;0;-20;
101.128;0;-20;
101.278;0;-20;
101.578;0;-20;
101.728;0;-20;
101.878;0;-20;
102.028;0;-20;
102.178;0;-20;
102.328;0;-20;
102.478;0;-20;
102.628;0;-20;
102.778;0;-20;
102.928;0;-20;
103.078;0;-20;
103.228;0;-20;
103.378;0;-20;
103.528;0;-20;
103.678;0;-20;
103.828;0;-20;
103.978;0;-20;
104.128;0;-20;
104.278;0;-20;
104.428;0;-20;
104.578;0;-20;
104.728;0;-20;
104.878;0;-20;
105.028;0;-20;
105.178;0;-20;
105.328;0;-20;
105.478;0;-20;
105.628;0;-20;
105.778;0;-20;
105.928;0;-20;
106.078;0;-20;
106.228;0;-20;
106.378;0;-20;
106.528;0;-20;
106.678;0;-20;
106.828;0;-20;
106.978;0;-20;
107.128;0;-20;
107.278;0;-20;
107.428;0;-20;
107.578;0;-20;
107.728;0;-20;
107.878;0;-20;
108.028;0;-20;
108.178;0;-20;
108.328;0;-20;
108.478;0;-20;
108.628;0;-20;
108.778;0;-20;
108.928;0;-20;
109.078;0;-20;
109.228;0;-20;
109.378;0;-20;
109.528;0;-20;
109.678;0;-20;
109.828;0;-20;
109.978;0;-20;
110.128;0;-20;
110.278;0;-20;
110.428;0;-20;
110.578;0;-20;
110.728;0;-20;
110.878;0;-20;
111.028;0;-20;
111.178;0;-20;
111.328;0;-20;
111.478;0;-20;
111.628;0;-20;
111.778;0;-20;
111.928;0;-20;
112.078;0;-20;
112.228;0;-20;
112.378;0;-20;
112.528;0;-20;
112.678;0;-20;
112.828;0;-20;
112.978;0;-20;
113.128;0;-20;
113.278;0;-20;
113.428;0;-20;
113.578;0;-20;
113.728;0;-20;
113.878;0;-20;
114.028;0;-20;
114.178;0;-20;
114.328;0;-20;
114.478;0;-20;
114.628;0;-20;
114.778;0;-20;
114.928;0;-20;
115.078;0;-20;
115.228;0;-20;
115.378;0;-20;
115.528;0;-20;
115.678;0;-20;
115.828;0;-20;
115.978;0;-20;
116.128;0;-20;
116.278;0;-20;
116.428;0;-20;
116.578;0;-20;
116.728;0;-20;
116.878;0;-20;
117.028;0;-20;
117.178;0;-20;
117.328;0;-20;
117.478;0;-20;
117.628;0;-20;
117.778;0;-20;
117.928;0;-20;
118.078;0;-20;
118.228;0;-20;
118.378;0;-20;
118.528;0;-20;
118.678;0;-20;
118.828;0;-20;
118.978;0;-20;
119.128;0;-20;
119.278;0;-20;
119.428;0;-20;
119.578;0;-20;
119.728;0;-20;
119.878;0;-20;
120.028;0;-20;
120.178;0;-20;
120.328;0;-20;
120.478;0;-20;
120.628;0;-20;
120.778;0;-20;
120.928;0;-20;
121.078;0;-20;
121.228;0;-20;
121.378;0;-20;
121.528;0;-20;
121.678;0;-20;
121.828;0;-20;
121.978;0;-20;
122.128;0;-20;
122.278;0;-20;
122.428;0;-20;
122.578;0;-20;
122.728;0;-20;
122.878;0;-20;
123.028;0;-20;
123.178;0;-20;
123.328;0;-20;
123.478;0;-20;
123.628;0;-20;
123.778;0;-20;
123.928;0;-20;
124.078;0;-20;
124.228;0;-20;
124.378;0;-20;
124.528;0;-20;
124.678;0;-20;
124.828;0;-20;
124.978;0;-20;
125.128;0;-20;
125.278;0;-20;
125.428;0;-20;
125.578;0;-20;
125.728;0;-20;
125.878;0;-20;
126.028;0;-20;
126.178;0;-20;
126.328;0;-20;
126.478;0;-20;
126.628;0;-20;
126.778;0;-20;
126.928;0;-20;
127.078;0;-20;
127.228;0;-20;
127.378;0;-20;
127.528;0;-20;
127.678;0;-20;
127.828;0;-20;
127.978;0;-20;
128.128;0;-20;
128.278;0;-20;
128.428;0;-20;
128.578;0;-20;
128.728;0;-20;
128.878;0;-20;
129.028;0;-20;
129.178;0;-20;
129.328;0;-20;
129.478;0;-20;
129.628;0;-20;
129.778;0;-20;
129.928;0;-20;
130.078;0;-20;
130.228;0;-20;
130.378;0;-20;
130.528;0;-20;
130.678;0;-20;
130.828;0;-20;
130.978;0;-20;
131.128;0;-20;
131.278;0;-20;
131.428;0;-20;
131.578;0;-20;
131.728;0;-20;
131.878;0;-20;
132.028;0;-20;
132.178;0;-20;
132.328;0;-20;
132.478;0;-20;
132.628;0;-20;
132.778;0;-20;
132.928;0;-20;
133.078;0;-20;
133.228;0;-20;
133.378;0;-20;
133.528;0;-20;
133.678;0;-20;
133.828;0;-20;
133.978;0;-20;
134.128;0;-20;
134.278;0;-20;
134.428;0;-20;
134.578;0;-20;
134.728;0;-20;
134.878;0;-20;
135.028;0;-20;
135.178;0;-20;
135.328;0;-20;
135.478;0;-20;
135.628;0;-20;
135.778;0;-20;
135.928;0;-20;
136.078;0;-20;
136.228;0;-20;
136.378;0;-20;
136.528;0;-20;
136.678;0;-20;
136.828;0;-20;
136.978;0;-20;
137.128;0;-20;
137.278;0;-20;
137.428;0;-20;
137.578;0;-20;
137.728;0;-20;
137.878;0;-20;
138.028;0;-20;
138.178;0;-20;
138.328;0;-20;
138.478;0;-20;
138.628;0;-20;
138.778;0;-20;
138.928;0;-20;
139.078;0;-20;
139.228;0;-20;
139.378;0;-20;
139.528;0;-20;
139.678;0;-20;
139.828;0;-20;
139.978;0;-20;
140.128;0;-20;
140.278;0;-20;
140.428;0;-20;
140.578;0;-20;
140.728;0;-20;
140.878;0;-20;
141.028;0;-20;
141.178;0;-20;
141.328;0;-20;
141.478;0;-20;
141.628;0;-20;
141.778;0;-20;
141.928;0;-20;
142.078;0;-20;
142.228;0;-20;
142.378;0;-20;
142.528;0;-20;
142.678;0;-20;
142.828;0;-20;
142.978;0;-20;
143.128;0;-20;
143.278;0;-20;
143.428;0;-20;
143.578;0;-20;
143.728;0;-20;
143.878;0;-20;
144.028;0;-20;
144.178;0;-20;
144.328;0;-20;
144.478;0;-20;
144.628;0;-20;
144.778;0;-20;
144.928;0;-20;
145.078;0;-20;
145.228;0;-20;
145.378;0;-20;
145.528;0;-20;
145.678;0;-20;
145.828;0;-20;
145.978;0;-20;
146.128;0;-20;
146.278;0;-20;
146.578;0;-20;
146.728;0;-20;
146.728;0;-20;
147.028;0;-20;
147.178;0;-20;
147.328;0;-20;
147.478;0;-20;
147.628;0;-20;
147.778;0;-20;
147.928;0;-20;
148.078;0;-20;
148.228;0;-20;
148.378;0;-20;
148.528;0;-20;
148.678;0;-20;
148.828;0;-20;
148.978;0;-20;
149.128;0;-20;
149.278;0;-20;
149.428;0;-20;
149.578;0;-20;
149.728;0;-20;
149.878;0;-20;
150.028;0;-20;
150.178;0;-20;
150.328;0;-20;
150.478;0;-20;
150.628;0;-20;
150.778;0;-20;
150.928;0;-20;
151.078;0;-20;
151.228;0;-20;
151.378;0;-20;
151.528;0;-20;
151.678;0;-20;
151.828;0;-20;
151.978;0;-20;
152.128;0;-20;
152.278;0;-20;
152.428;0;-20;
152.578;0;-20;
152.728;0;-20;
152.878;0;-20;
153.028;0;-20;
153.178;0;-20;
153.328;0;-20;
153.478;0;-20;
153.628;0;-20;
153.778;0;-20;
153.928;0;-20;
154.078;0;-20;
154.228;0;-20;
154.378;0;-20;
154.528;0;-20;
154.678;0;-20;
154.828;0;-20;
154.978;0;-20;
155.128;0;-20;
155.278;0;-20;
155.428;0;-20;
155.578;0;-20;
155.728;0;-20;
155.878;0;-20;
156.028;0;-20;
156.178;0;-20;
156.328;0;-20;
156.478;0;-20;
156.628;0;-20;
156.778;0;-20;
156.928;0;-20;
157.078;0;-20;
157.228;0;-20;
157.378;0;-20;
157.528;0;-20;
157.678;0;-20;
157.828;0;-20;
157.978;0;-20;
158.128;0;-20;
158.278;0;-20;
158.428;0;-20;
158.578;0;-20;
158.728;0;-20;
158.878;0;-20;
159.028;0;-20;
159.178;0;-20;
159.328;0;-20;
159.478;0;-20;
159.628;0;-20;
159.778;0;-20;
159.928;0;-20;
160.078;0;-20;
160.228;0;-20;
160.378;0;-20;
160.528;0;-20;
160.678;0;-20;
160.828;0;-20;
160.978;0;-20;
161.128;0;-20;
161.278;0;-20;
161.428;0;-20;
161.578;0;-20;
161.728;0;-20;
161.878;0;-20;
162.028;0;-20;
162.178;0;-20;
162.328;0;-20;
162.478;0;-20;
162.628;0;-20;
162.778;0;-20;
162.928;0;-20;
163.078;0;-20;
163.228;0;-20;
163.378;0;-20;
163.528;0;-20;
163.678;0;-20;
163.828;0;-20;
163.978;0;-20;
164.128;0;-20;
164.278;0;-20;
164.428;0;-20;
164.578;0;-20;
164.728;0;-20;
164.878;0;-20;
165.028;0;-20;
165.178;0;-20;
165.328;0;-20;
165.478;0;-20;
165.628;0;-20;
165.778;0;-20;
165.928;0;-20;
166.078;0;-20;
166.228;0;-20;
166.378;0;-20;
166.528;0;-20;
166.678;0;-20;
166.828;0;-20;
166.978;0;-20;
167.128;0;-20;
167.278;0;-20;
167.428;0;-20;
167.578;0;-20;
167.728;0;-20;
167.878;0;-20;
168.028;0;-20;
168.178;0;-20;
168.328;0;-20;
168.478;0;-20;
168.628;0;-20;
168.778;0;-20;
168.928;0;-20;
169.078;0;-20;
169.228;0;-20;
169.378;0;-20;
169.528;0;-20;
169.678;0;-20;
169.828;0;-20;
169.978;0;-20;
170.128;0;-20;
170.278;0;-20;
170.428;0;-20;
170.578;0;-20;
170.728;0;-20;
170.878;0;-20;
171.028;0;-20;
171.178;0;-20;
171.328;0;-20;
171.478;0;-20;
171.628;0;-20;
171.778;0;-20;
171.928;0;-20;
172.078;0;-20;
172.228;0;-20;
172.378;0;-20;
172.528;0;-20;
172.678;0;-20;
172.828;0;-20;
172.978;0;-20;
173.128;0;-20;
173.278;0;-20;
173.428;0;-20;
173.578;0;-20;
173.728;0;-20;
173.878;0;-20;
174.028;0;-20;
174.178;0;-20;
174.328;0;-20;
174.478;0;-20;
174.628;0;-20;
174.778;0;-20;
174.928;0;-20;
175.078;0;-20;
175.228;0;-20;
175.378;0;-20;
175.528;0;-20;
175.678;0;-20;
175.828;0;-20;
175.978;0;-20;
176.128;0;-20;
176.278;0;-20;
176.428;0;-20;
176.578;0;-20;
176.728;0;-20;
176.878;0;-20;
177.028;0;-20;
177.178;0;-20;
177.328;0;-20;
177.478;0;-20;
177.628;0;-20;
177.778;0;-20;
177.928;0;-20;
178.078;0;-20;
178.228;0;-20;
178.378;0;-20;
178.528;0;-20;
178.678;0;-20;
178.828;0;-20;
178.978;0;-20;
179.128;0;-20;
179.278;0;-20;
179.428;0;-20;
179.578;0;-20;
179.728;0;-20;
179.878;0;-20;
180.028;0;-20;
180.178;0;-20;
180.328;0;-20;
180.478;0;-20;
180.628;0;-20;
180.778;0;-20;
180.928;0;-20;
181.078;0;-20;
181.228;0;-20;
181.378;0;-20;
181.528;0;-20;
181.678;0;-20;
181.828;0;-20;
181.978;0;-20;
182.128;0;-20;
182.278;0;-20;
182.428;0;-20;
182.578;0;-20;
182.728;0;-20;
182.878;0;-20;
183.028;0;-20;
183.178;0;-20;
183.328;0;-20;
183.478;0;-20;
183.628;0;-20;
183.778;0;-20;
183.928;0;-20;
184.078;0;-20;
184.228;0;-20;
184.378;0;-20;
184.528;0;-20;
184.678;0;-20;
184.828;0;-20;
184.978;0;-20;
185.128;0;-20;
185.278;0;-20;
185.428;0;-20;
185.578;0;-20;
185.728;0;-20;
185.878;0;-20;
186.028;0;-20;
186.178;0;-20;
186.328;0;-20;
186.478;0;-20;
186.628;0;-20;
186.778;0;-20;
186.928;0;-20;
187.078;0;-20;
187.228;0;-20;
187.378;0;-20;
187.528;0;-20;
187.678;0;-20;
187.828;0;-20;
187.978;0;-20;
188.128;0;-20;
188.278;0;-20;
188.428;0;-20;
188.578;0;-20;
188.728;0;-20;
188.878;0;-20;
189.028;0;-20;
189.178;0;-20;
189.328;0;-20;
189.478;0;-20;
189.628;0;-20;
189.778;0;-20;
189.928;0;-20;
190.078;0;-20;
190.228;0;-20;
190.378;0;-20;
190.528;0;-20;
190.678;0;-20;
190.828;0;-20;
190.978;0;-20;
191.278;0;-20;
191.428;0;-20;
191.578;0;-20;
191.728;0;-20;
191.878;0;-20;
192.028;0;-20;
192.178;0;-20;
192.328;0;-20;
192.478;0;-20;
192.628;0;-20;
192.778;0;-20;
192.928;0;-20;
193.078;0;-20;
193.228;0;-20;
193.378;0;-20;
193.528;0;-20;
193.678;0;-20;
193.828;0;-20;
193.978;0;-20;
194.128;0;-20;
194.278;0;-20;
194.428;0;-20;
194.578;0;-20;
194.728;0;-20;
194.878;0;-20;
195.028;0;-20;
195.178;0;-20;
195.328;0;-20;
195.478;0;-20;
195.628;0;-20;
195.778;0;-20;
195.928;0;-20;
196.078;0;-20;
196.228;0;-20;
196.378;0;-20;
196.528;0;-20;
196.678;0;-20;
196.828;0;-20;
196.978;0;-20;
197.128;0;-20;
197.278;0;-20;
197.428;0;-20;
197.578;0;-20;
197.728;0;-20;
197.878;0;-20;
198.028;0;-20;
198.178;0;-20;
198.328;0;-20;
198.478;0;-20;
198.628;0;-20;
198.778;0;-20;
198.928;0;-20;
199.078;0;-20;
199.228;0;-20;
199.378;0;-20;
199.528;0;-20;
199.678;0;-20;
199.828;0;-20;
199.978;0;-20;
200.128;0;-20;
200.278;0;-20;
200.428;0;-20;
200.578;0;-20;
200.728;0;-20;
200.878;0;-20;
201.028;0;-20;
201.178;0;-20;
201.328;0;-20;
201.478;0;-20;
201.628;0;-20;
201.778;0;-20;
201.928;0;-20;
202.078;0;-20;
202.228;0;-20;
202.378;0;-20;
202.528;0;-20;
202.678;0;-20;
202.828;0;-20;
202.978;0;-20;
203.128;0;-20;
203.278;0;-20;
203.428;0;-20;
203.578;0;-20;
203.728;0;-20;
203.878;0;-20;
204.028;0;-20;
204.178;0;-20;
204.328;0;-20;
204.478;0;-20;
204.628;0;-20;
204.778;0;-20;
204.928;0;-20;
205.078;0;-20;
205.228;0;-20;
205.378;0;-20;
205.528;0;-20;
205.678;0;-20;
205.828;0;-20;
205.978;0;-20;
206.128;0;-20;
206.278;0;-20;
206.428;0;-20;
206.578;0;-20;
206.728;0;-20;
206.878;0;-20;
207.028;0;-20;
207.178;0;-20;
207.328;0;-20;
207.478;0;-20;
207.628;0;-20;
207.778;0;-20;
207.928;0;-20;
208.078;0;-20;
208.228;0;-20;
208.378;0;-20;
208.528;0;-20;
208.678;0;-20;
208.828;0;-20;
208.978;0;-20;
209.128;0;-20;
209.278;0;-20;
209.428;0;-20;
209.578;0;-20;
209.728;0;-20;
209.878;0;-20;
210.028;0;-20;
210.178;0;-20;
210.328;0;-20;
210.478;0;-20;
210.628;0;-20;
210.778;0;-20;
210.928;0;-20;
211.078;0;-20;
211.228;0;-20;
211.378;0;-20;
211.528;0;-20;
211.678;0;-20;
211.828;0;-20;
211.978;0;-20;
212.128;0;-20;
212.278;0;-20;
212.428;0;-20;
212.578;0;-20;
212.728;0;-20;
212.878;0;-20;
213.028;0;-20;
213.178;0;-20;
213.328;0;-20;
213.478;0;-20;
213.628;0;-20;
213.778;0;-20;
213.928;0;-20;
214.078;0;-20;
214.228;0;-20;
214.378;0;-20;
214.528;0;-20;
214.678;0;-20;
214.828;0;-20;
214.978;0;-20;
215.128;0;-20;
215.278;0;-20;
215.428;0;-20;
215.578;0;-20;
