-19.1224;22.3329;-22.0325;19.4228;-20.7276;-18;
-10.4642;13.7271;-13.4639;10.7274;-20.7333;-18;
-10.4491;13.7623;-13.5387;10.6727;-20.7392;-18;
-10.4339;13.8012;-13.6247;10.6104;-20.7448;-18;
-10.4171;13.8384;-13.7133;10.5422;-20.7507;-18;
-10.4012;13.8811;-13.8181;10.4641;-20.7579;-18;
-10.3844;13.9269;-13.9369;10.3744;-20.7664;-18;
-10.3705;13.9707;-14.055;10.2862;-20.7752;-18;
-10.3594;14.0124;-14.172;10.1998;-20.7841;-18;
-10.3509;14.052;-14.2877;10.1152;-20.7933;-18;
-10.3464;14.0979;-14.4232;10.0212;-20.8041;-18;
-10.3426;14.1634;-14.626;9.87998;-20.8216;-18;
-10.3438;14.2344;-14.8531;9.72513;-20.8422;-18;
-10.3493;14.2997;-15.0701;9.57893;-20.8631;-18;
-10.3595;14.3596;-15.2757;9.44336;-20.8838;-18;
-10.3734;14.4144;-15.4701;9.31777;-20.9042;-18;
-10.3917;14.4658;-15.6561;9.20143;-20.9242;-18;
-10.4138;14.5164;-15.8486;9.08166;-20.9459;-18;
-10.4385;14.5625;-16.0297;8.9713;-20.9669;-18;
-10.4696;14.6104;-16.2209;8.85911;-20.9899;-18;
-10.5022;14.6536;-16.3988;8.75699;-21.0119;-18;
-10.5372;14.6941;-16.5745;8.65681;-21.0345;-18;
-10.5736;14.7314;-16.7374;8.56766;-21.056;-18;
-10.6106;14.7652;-16.8922;8.48361;-21.0773;-18;
-10.6338;14.7844;-16.9869;8.4313;-21.09;-18;
-10.6702;14.8129;-17.1192;8.3638;-21.1096;-18;
-10.807;14.8948;-17.5273;8.17454;-21.1758;-18;
-10.9739;14.9606;-17.9393;7.99524;-21.2466;-18;
-11.1878;15.0162;-18.3892;7.81484;-21.3285;-18;
-11.4321;15.055;-18.839;7.64814;-21.4157;-18;
-11.7065;15.079;-19.288;7.49748;-21.5083;-18;
-12.0096;15.0889;-19.7345;7.36401;-21.6061;-18;
-12.3626;15.0866;-20.2065;7.2427;-21.7159;-18;
-12.7471;15.0712;-20.6782;7.14004;-21.833;-18;
-13.1743;15.0445;-21.161;7.05773;-21.9605;-18;
-13.6427;15.0056;-21.6519;6.99637;-22;-18;
-14.137;14.9572;-22.1336;6.96059;-22;-18;
-14.6552;14.9002;-22.6047;6.95068;-22;-18;
-15.2146;14.8342;-23.0802;6.96856;-22;-18;
-15.8129;14.7587;-23.5571;7.01449;-22;-18;
-16.4312;14.6776;-24.0198;7.08906;-22;-18;
-17.0816;14.5909;-24.4773;7.19527;-22;-18;
-17.7749;14.4963;-24.9359;7.33526;-22;-18;
-18.4833;14.3992;-25.377;7.50554;-22;-18;
-19.2047;14.3003;-25.7995;7.70548;-22;-18;
-19.9366;14.2003;-26.2025;7.9344;-22;-18;
-20.6769;14.1001;-26.5854;8.19151;-22;-18;
-21.4233;14.0002;-26.9475;8.476;-22;-18;
-22.1738;13.9013;-27.2881;8.78698;-22;-18;
-22.9264;13.8041;-27.607;9.12351;-22;-18;
-23.679;13.7093;-27.9037;9.48461;-22;-18;
-24.4298;13.6175;-28.178;9.86928;-22;-18;
-25.1771;13.5291;-28.4297;10.2765;-22;-18;
-25.919;13.4449;-28.6588;10.7051;-22;-18;
-26.639;13.3662;-28.8607;11.1445;-22;-18;
-27.3222;13.2957;-29.0333;11.5847;-22;-18;
-27.9955;13.2298;-29.1841;12.0413;-22;-18;
-28.6577;13.1691;-29.3135;12.5133;-22;-18;
-29.3074;13.114;-29.4217;12.9997;-22;-18;
-29.9438;13.0649;-29.5091;13.4996;-22;-18;
-30.5657;13.0222;-29.5762;14.0118;-22;-18;
-31.1592;12.9864;-29.6218;14.5237;-22;-18;
-31.7123;12.9588;-29.6473;15.0238;-22;-18;
-32.249;12.9376;-29.6545;15.5321;-22;-18;
-32.7687;12.923;-29.6439;16.0478;-22;-18;
-33.2708;12.9153;-29.6161;16.57;-22;-18;
-33.7549;12.9146;-29.5717;17.0977;-22;-18;
-34.2205;12.9211;-29.5113;17.6303;-22;-18;
-34.6672;12.9351;-29.4354;18.1669;-22;-18;
-35.0948;12.9565;-29.3447;18.7066;-22;-18;
-35.5029;12.9855;-29.2397;19.2487;-22;-18;
-35.8914;13.0222;-29.1211;19.7925;-22;-18;
-36.26;13.0667;-28.9895;20.3371;-22;-18;
-36.6086;13.1189;-28.8455;20.882;-22;-18;
-36.9371;13.1789;-28.6896;21.4264;-22;-18;
-37.2455;13.2466;-28.5226;21.9696;-22;-18;
-37.5337;13.3221;-28.3448;22.511;-22;-18;
-37.8018;13.4053;-28.1571;23.05;-22;-18;
-38.0498;13.496;-27.9598;23.586;-22;-18;
-38.2777;13.5944;-27.7536;24.1185;-22;-18;
-38.4857;13.7001;-27.5389;24.6468;-22;-18;
-38.6738;13.8132;-27.3165;25.1706;-22;-18;
-38.8423;13.9336;-27.0867;25.6892;-22;-18;
-38.9912;14.061;-26.85;26.2022;-22;-18;
-39.1209;14.1954;-26.6071;26.7092;-22;-18;
-39.2314;14.3365;-26.3582;27.2097;-22;-18;
-39.3231;14.4844;-26.104;27.7034;-22;-18;
-39.396;14.6387;-25.8449;28.1898;-22;-18;
-39.4506;14.7993;-25.5813;28.6686;-22;-18;
-39.4871;14.966;-25.3136;29.1395;-22;-18;
-39.5057;15.1387;-25.0423;29.6021;-22;-18;
-39.5068;15.3172;-24.7677;30.0562;-22;-18;
-39.4905;15.5012;-24.4902;30.5015;-22;-18;
-39.5296;15.7629;-24.2826;31.01;-22;-18;
-39.4073;15.8852;-23.9281;31.3644;-22;-18;
-39.4019;16.1458;-23.705;31.8427;-22;-18;
-39.3139;16.3446;-23.414;32.2446;-22;-18;
-39.2103;16.548;-23.1218;32.6366;-22;-18;
-39.0913;16.7559;-22.8287;33.0185;-22;-18;
-38.9573;16.9681;-22.5351;33.3902;-22;-18;
-38.6171;17.3758;-21.9189;34.074;-22;-18;
-38.4453;17.6047;-21.6304;34.4195;-22;-18;
-38.2598;17.8369;-21.3424;34.7543;-22;-18;
-38.0597;18.0727;-21.0535;35.0789;-22;-18;
-37.8395;18.3138;-20.7569;35.3964;-22;-18;
-37.5981;18.5605;-20.4518;35.7068;-22;-18;
-37.3358;18.8127;-20.1391;36.0095;-22;-18;
-37.053;19.0704;-19.8194;36.304;-22;-18;
-36.7498;19.3335;-19.4937;36.5897;-22;-18;
-36.4268;19.6018;-19.1625;36.8662;-22;-18;
-36.0842;19.8753;-18.8266;37.1329;-22;-18;
-35.7224;20.1538;-18.4866;37.3896;-22;-18;
-35.3418;20.4373;-18.1433;37.6358;-22;-18;
-34.9429;20.7255;-17.7972;37.8712;-22;-18;
-34.526;21.0183;-17.4489;38.0954;-22;-18;
-34.0916;21.3156;-17.0989;38.3082;-22;-18;
-33.64;21.6172;-16.7479;38.5093;-22;-18;
-33.1718;21.9229;-16.3963;38.6984;-22;-18;
-32.6873;22.2327;-16.0447;38.8753;-22;-18;
-32.187;22.5462;-15.6934;39.0398;-22;-18;
-31.6713;22.8634;-15.3431;39.1917;-22;-18;
-31.1407;23.1841;-14.994;39.3308;-22;-18;
-30.5957;23.508;-14.6467;39.457;-22;-18;
-30.0366;23.835;-14.3014;39.5702;-22;-18;
-29.4639;24.165;-13.9587;39.6702;-22;-18;
-28.8781;24.4977;-13.6189;39.7569;-22;-18;
-28.2796;24.8329;-13.2823;39.8302;-22;-18;
-27.6696;25.1702;-12.9497;39.8901;-22;-18;
-27.0478;25.5096;-12.621;39.9365;-22;-18;
-26.4146;25.8511;-12.2964;39.9693;-22;-18;
-25.7704;26.1943;-11.9763;39.9884;-22;-18;
-25.1156;26.5391;-11.6609;39.9939;-22;-18;
-24.4508;26.8853;-11.3505;39.9857;-22;-18;
-23.7764;27.2328;-11.0454;39.9637;-22;-18;
-23.0927;27.5812;-10.7458;39.9281;-22;-18;
-22.4004;27.9305;-10.4521;39.8788;-22;-18;
-21.6998;28.2804;-10.1643;39.8159;-22;-18;
-20.9913;28.6308;-9.88283;39.7393;-22;-18;
-20.2754;28.9815;-9.60779;39.6491;-22;-18;
-19.5527;29.3322;-9.33942;39.5454;-22;-18;
-18.8234;29.6828;-9.07793;39.4283;-22;-18;
-18.0881;30.0332;-8.82351;39.2977;-22;-18;
-17.3472;30.383;-8.57635;39.1538;-22;-18;
-16.6011;30.7322;-8.33662;38.9967;-22;-18;
-15.8504;31.0806;-8.1045;38.8265;-22;-18;
-15.0955;31.4279;-7.88016;38.6432;-22;-18;
-14.3368;31.774;-7.66376;38.447;-22;-18;
-13.5748;32.1187;-7.45545;38.2381;-22;-18;
-12.81;32.4619;-7.2554;38.0165;-22;-18;
-12.0428;32.8033;-7.06373;37.7824;-22;-18;
-11.2738;33.1428;-6.8806;37.5359;-22;-18;
-10.5033;33.4801;-6.70613;37.2773;-22;-18;
-9.73195;33.8152;-6.54047;37.0067;-22;-18;
-8.96018;34.1478;-6.38372;36.7242;-22;-18;
-8.18849;34.4777;-6.23601;36.4302;-22;-18;
-7.4174;34.8048;-6.09746;36.1247;-22;-18;
-6.64742;35.1288;-5.96818;35.8081;-22;-18;
-5.8791;35.4497;-5.84826;35.4805;-22;-18;
-5.11297;35.7671;-5.7378;35.1422;-22;-18;
-4.34957;36.0808;-5.6369;34.7935;-22;-18;
-3.58949;36.3908;-5.54564;34.4347;-22;-18;
-2.83328;36.6967;-5.46408;34.0659;-22;-18;
-2.08156;36.9984;-5.3923;33.6877;-22;-18;
-1.33493;37.2957;-5.33034;33.3003;-22;-18;
-0.594006;37.5883;-5.27826;32.904;-22;-18;
0.140554;37.8759;-5.23608;32.4993;-22;-18;
0.868093;38.1584;-5.20381;32.0865;-22;-18;
1.58792;38.4354;-5.18145;31.666;-22;-18;
2.30993;38.7104;-5.16844;31.2321;-22;-18;
3.0231;38.98;-5.16551;30.7914;-22;-18;
3.72598;39.2436;-5.17263;30.3449;-22;-18;
4.40239;39.4955;-5.18968;29.9034;-22;-18;
5.06392;39.7391;-5.2161;29.459;-22;-18;
5.71327;39.9751;-5.25168;29.0101;-22;-18;
6.34967;40.2032;-5.2962;28.5573;-22;-18;
6.97228;40.4231;-5.34939;28.1014;-22;-18;
7.58023;40.6343;-5.41094;27.6431;-22;-18;
8.17267;40.8364;-5.48047;27.1832;-22;-18;
8.74869;41.029;-5.55758;26.7227;-22;-18;
9.30743;41.2118;-5.64178;26.2626;-22;-18;
9.84799;41.3843;-5.73251;25.8038;-22;-18;
10.3695;41.5461;-5.82916;25.3474;-22;-18;
10.8531;41.691;-5.92698;24.9109;-22;-18;
11.2957;41.8179;-6.02359;24.4986;-22;-18;
11.702;41.9282;-6.11839;24.1078;-22;-18;
12.0767;42.0236;-6.2112;23.7357;-22;-18;
12.4235;42.1055;-6.30191;23.3801;-22;-18;
12.7455;42.1752;-6.39052;23.0391;-22;-18;
13.0452;42.2337;-6.47701;22.7115;-22;-18;
13.3246;42.2823;-6.56142;22.3963;-22;-18;
13.5852;42.3217;-6.64377;22.0927;-22;-18;
13.8286;42.353;-6.72408;21.8003;-22;-18;
14.0557;42.3768;-6.80236;21.5187;-21.9934;-18;
14.2676;42.394;-6.87862;21.2478;-21.9308;-18;
14.4649;42.4053;-6.95285;20.9875;-21.8713;-18;
14.6484;42.4113;-7.02506;20.7379;-21.8147;-18;
14.8186;42.4128;-7.0952;20.499;-21.7612;-18;
14.9761;42.4104;-7.16328;20.271;-21.7106;-18;
15.1214;42.4048;-7.22926;20.0542;-21.663;-18;
15.2549;42.3965;-7.29311;19.8485;-21.6184;-18;
15.3783;42.3863;-7.35555;19.6524;-21.5765;-18;
15.4908;42.3746;-7.41577;19.4681;-21.5377;-18;
15.5926;42.3621;-7.47372;19.2958;-21.5021;-18;
15.6268;42.3561;-7.49132;19.238;-21.4896;-18;
15.9846;42.3184;-7.73188;18.6019;-21.3671;-18;
16.4924;42.281;-8.11943;17.6692;-21.2003;-18;
16.964;42.2678;-8.53958;16.7642;-21.0537;-18;
17.3969;42.2808;-8.99397;15.8899;-20.9282;-18;
17.7892;42.3218;-9.48429;15.0483;-20.8243;-18;
18.1388;42.3924;-10.012;14.2417;-20.7424;-18;
18.4442;42.494;-10.578;13.4718;-20.683;-18;
18.7041;42.6273;-11.1831;12.7401;-20.6463;-18;
18.9177;42.7927;-11.8271;12.048;-20.6323;-18;
19.0845;42.9899;-12.5092;11.3963;-20.6411;-18;
19.1986;43.2009;-13.1778;10.8245;-20.6692;-18;
19.2661;43.4048;-13.7874;10.3513;-20.7089;-18;
19.3;43.5932;-14.33;9.9632;-20.754;-18;
19.311;43.7637;-14.81;9.64276;-20.8008;-18;
19.3065;43.9161;-15.2333;9.37642;-20.847;-18;
19.2917;44.0512;-15.6057;9.15385;-20.8913;-18;
19.2703;44.1704;-15.9331;8.96708;-20.933;-18;
19.2448;44.2754;-16.2206;8.80995;-20.9719;-18;
19.2171;44.3679;-16.4732;8.67762;-21.0078;-18;
19.1884;44.4498;-16.6952;8.56624;-21.041;-18;
19.1774;44.4771;-16.7671;8.53249;-21.0524;-18;
19.1308;44.6086;-17.1026;8.37524;-21.1061;-18;
19.0787;44.8341;-17.6061;8.14926;-21.1901;-18;
19.0476;45.0921;-18.108;7.93645;-21.2783;-18;
19.0379;45.3794;-18.6048;7.73672;-21.3695;-18;
19.0499;45.6933;-19.0934;7.54996;-21.4629;-18;
19.0835;46.0307;-19.5712;7.37605;-21.5575;-18;
19.1387;46.389;-20.0354;7.21484;-21.6525;-18;
19.2154;46.7657;-20.4842;7.06621;-21.7473;-18;
19.313;47.1584;-20.9154;6.93001;-21.841;-18;
19.4312;47.5647;-21.3274;6.80611;-21.9331;-18;
19.5693;47.9825;-21.7188;6.69437;-22;-18;
19.7268;48.4099;-22.0884;6.59466;-22;-18;
19.903;48.845;-22.4352;6.50685;-22;-18;
20.097;49.2859;-22.7581;6.43081;-22;-18;
20.308;49.7311;-23.0566;6.36639;-22;-18;
20.5353;50.1789;-23.3302;6.31346;-22;-18;
20.7778;50.628;-23.5784;6.27185;-22;-18;
21.0347;51.0771;-23.801;6.2414;-22;-18;
21.305;51.5248;-23.9978;6.22193;-22;-18;
21.5879;51.97;-24.1689;6.21329;-22;-18;
21.8822;52.4118;-24.3142;6.21528;-22;-18;
22.1873;52.849;-24.434;6.22773;-22;-18;
22.502;53.2807;-24.5283;6.25044;-22;-18;
22.8255;53.7063;-24.5976;6.28322;-22;-18;
23.1569;54.1248;-24.642;6.32587;-22;-18;
23.4953;54.5357;-24.6622;6.3782;-22;-18;
23.8398;54.9382;-24.6584;6.43999;-22;-18;
24.1896;55.3319;-24.6312;6.51107;-22;-18;
24.5439;55.7161;-24.5811;6.5912;-22;-18;
24.9018;56.0906;-24.5086;6.68021;-22;-18;
25.2625;56.4548;-24.4144;6.77789;-22;-18;
25.6254;56.8085;-24.2991;6.88404;-22;-18;
25.9895;57.1513;-24.1633;6.99849;-22;-18;
26.3543;57.483;-24.0076;7.12103;-22;-18;
26.719;57.8033;-23.8329;7.25149;-22;-18;
27.0829;58.1122;-23.6396;7.38969;-22;-18;
27.4453;58.4094;-23.4286;7.53548;-22;-18;
27.8056;58.6949;-23.2006;7.68869;-22;-18;
28.1632;58.9687;-22.9563;7.84918;-22;-18;
28.5174;59.2306;-22.6964;8.0168;-22;-18;
28.8677;59.4808;-22.4216;8.19142;-22;-18;
29.2134;59.7192;-22.1328;8.37294;-22;-18;
29.554;59.9459;-21.8306;8.56123;-22;-18;
29.889;60.1611;-21.5159;8.75621;-22;-18;
30.2177;60.3648;-21.1893;8.95779;-22;-18;
30.5397;60.5572;-20.8517;9.16591;-22;-18;
30.8543;60.7385;-20.5037;9.38049;-22;-18;
31.1612;60.9089;-20.1462;9.6015;-22;-18;
31.4598;61.0686;-19.7799;9.8289;-22;-18;
31.7495;61.2177;-19.4055;10.0627;-22;-18;
32.03;61.3566;-19.0239;10.3028;-22;-18;
32.3006;61.4856;-18.6357;10.5493;-22;-18;
32.5609;61.6049;-18.2418;10.8022;-22;-18;
32.8104;61.7147;-17.8428;11.0615;-22;-18;
33.0488;61.8155;-17.4396;11.3272;-22;-18;
33.2753;61.9076;-17.0329;11.5994;-22;-18;
33.4897;61.9913;-16.6235;11.8781;-22;-18;
33.6914;62.0669;-16.212;12.1635;-22;-18;
33.88;62.1348;-15.7993;12.4555;-21.9721;-18;
34.055;62.1953;-15.386;12.7543;-21.9353;-18;
34.2159;62.2489;-14.973;13.0599;-21.9009;-18;
34.3624;62.2958;-14.5609;13.3725;-21.8691;-18;
34.4939;62.3364;-14.1505;13.692;-21.8401;-18;
34.61;62.371;-13.7424;14.0186;-21.8141;-18;
34.7104;62.4001;-13.3374;14.3523;-21.7915;-18;
34.7944;62.4238;-12.9361;14.6932;-21.7723;-18;
34.8618;62.4425;-12.5393;15.0414;-21.7569;-18;
34.9121;62.4564;-12.1475;15.3968;-21.7453;-18;
34.9449;62.466;-11.7615;15.7596;-21.738;-18;
34.9599;62.4712;-11.3818;16.1296;-21.7349;-18;
34.9565;62.4725;-11.0091;16.5069;-21.7364;-18;
34.9346;62.4699;-10.644;16.8913;-21.7425;-18;
34.8936;62.4635;-10.2871;17.2829;-21.7535;-18;
34.8332;62.4534;-9.93887;17.6813;-21.7694;-18;
34.7532;62.4398;-9.59999;18.0866;-21.7905;-18;
34.6532;62.4224;-9.27097;18.4983;-21.8167;-18;
34.5328;62.4013;-8.95234;18.9161;-21.8484;-18;
34.3927;62.3762;-8.64565;19.3378;-21.8851;-18;
34.2368;62.3463;-8.35579;19.7537;-21.9254;-18;
34.0706;62.3111;-8.08725;20.1532;-21.9674;-18;
33.8949;62.2706;-7.83851;20.5371;-22;-18;
33.7101;62.2248;-7.60814;20.9065;-22;-18;
33.5162;62.1737;-7.39488;21.2627;-22;-18;
33.3131;62.1174;-7.19757;21.6068;-22;-18;
33.1004;62.0559;-7.01519;21.9403;-22;-18;
32.8774;61.989;-6.84687;22.2647;-22;-18;
32.6431;61.9165;-6.69187;22.5815;-22;-18;
32.396;61.838;-6.54954;22.8925;-22;-18;
32.1352;61.7534;-6.41968;23.1986;-22;-18;
31.8587;61.662;-6.30209;23.5012;-22;-18;
31.5647;61.5631;-6.1968;23.8016;-22;-18;
31.2507;61.4559;-6.10407;24.101;-22;-18;
30.9145;61.3393;-6.0245;24.4003;-22;-18;
30.5533;61.2124;-5.95898;24.7001;-22;-18;
30.1644;61.074;-5.90874;25.0008;-22;-18;
29.7451;60.9228;-5.87539;25.3023;-22;-18;
29.2926;60.7579;-5.8609;25.6044;-22;-18;
28.8056;60.5786;-5.86766;25.9053;-22;-18;
28.2929;60.3887;-5.8979;26.1979;-22;-18;
27.7699;60.1949;-5.95232;26.4727;-22;-18;
27.2383;59.9979;-6.03096;26.7286;-22;-18;
26.6998;59.7985;-6.13377;26.9649;-22;-18;
26.1562;59.5975;-6.26059;27.1807;-22;-18;
25.6093;59.3959;-6.41112;27.3755;-22;-18;
25.0608;59.1944;-6.58499;27.5487;-22;-18;
24.5125;58.9942;-6.78171;27.7;-22;-18;
23.9662;58.796;-7.00069;27.8291;-22;-18;
23.4235;58.6008;-7.24127;27.936;-22;-18;
22.8862;58.4094;-7.50268;28.0206;-22;-18;
22.3557;58.2227;-7.78411;28.0829;-22;-18;
21.8336;58.0415;-8.08468;28.1232;-22;-18;
21.3214;57.8666;-8.40344;28.1418;-22;-18;
20.8204;57.6986;-8.73939;28.1388;-22;-18;
20.332;57.5383;-9.0915;28.1148;-22;-18;
19.8573;57.3862;-9.45871;28.0702;-22;-18;
19.3975;57.243;-9.83993;28.0056;-22;-18;
18.9537;57.1092;-10.234;27.9215;-22;-18;
18.5268;56.9852;-10.6399;27.8185;-22;-18;
18.1177;56.8715;-11.0564;27.6974;-22;-18;
17.7272;56.7683;-11.4823;27.5588;-22;-18;
17.356;56.6761;-11.9166;27.4035;-22;-18;
17.0048;56.5951;-12.3581;27.2322;-22;-18;
16.6742;56.5255;-12.8057;27.0456;-22;-18;
16.3645;56.4674;-13.2583;26.8446;-22;-18;
16.0762;56.4211;-13.7148;26.63;-22;-18;
15.8098;56.3864;-14.1742;26.4025;-22;-18;
15.5654;56.3636;-14.6353;26.1629;-22;-18;
15.3433;56.3526;-15.0972;25.9121;-22;-18;
15.1437;56.3533;-15.5589;25.6507;-22;-18;
14.9666;56.3656;-16.0194;25.3796;-22;-18;
14.8121;56.3896;-16.4779;25.0996;-22;-18;
14.6801;56.4249;-16.9334;24.8114;-22;-18;
14.5706;56.4715;-17.3851;24.5158;-22;-18;
14.4834;56.5291;-17.8321;24.2135;-22;-18;
14.4185;56.5975;-18.2738;23.9052;-22;-18;
14.3755;56.6765;-18.7093;23.5917;-22;-18;
14.3543;56.7659;-19.138;23.2736;-22;-18;
14.3546;56.8653;-19.5592;22.9515;-22;-18;
14.376;56.9744;-19.9723;22.626;-22;-18;
14.4183;57.0929;-20.3767;22.2979;-22;-18;
14.4811;57.2206;-20.7718;21.9677;-22;-18;
14.5641;57.3571;-21.1571;21.6359;-22;-18;
14.6667;57.502;-21.5322;21.303;-22;-18;
14.7887;57.655;-21.8966;20.9697;-22;-18;
14.9295;57.8157;-22.2499;20.6363;-22;-18;
15.0888;57.9839;-22.5917;20.3034;-22;-18;
15.266;58.1591;-22.9217;19.9714;-22;-18;
15.4607;58.341;-23.2395;19.6407;-22;-18;
15.6725;58.5292;-23.545;19.3118;-22;-18;
15.9008;58.7234;-23.8377;18.9849;-22;-18;
16.1451;58.9232;-24.1176;18.6604;-22;-18;
16.4051;59.1282;-24.3844;18.3388;-22;-18;
16.68;59.3382;-24.6379;18.0202;-22;-18;
16.9696;59.5527;-24.878;17.7051;-22;-18;
17.2732;59.7715;-25.1046;17.3936;-22;-18;
17.5905;59.9941;-25.3176;17.086;-22;-18;
17.9208;60.2204;-25.5169;16.7826;-22;-18;
18.2637;60.4498;-25.7025;16.4836;-22;-18;
18.6187;60.6822;-25.8743;16.1892;-22;-18;
18.9854;60.9173;-26.0323;15.8996;-22;-18;
19.3632;61.1547;-26.1766;15.6149;-22;-18;
19.7517;61.3941;-26.3071;15.3353;-22;-18;
20.1504;61.6353;-26.4239;15.0611;-22;-18;
20.5589;61.8781;-26.527;14.7922;-22;-18;
20.9767;62.122;-26.6165;14.5288;-22;-18;
21.4033;62.367;-26.6926;14.2711;-22;-18;
21.8384;62.6127;-26.7552;14.0191;-22;-18;
22.3835;62.7569;-26.7025;13.6709;-22;-18;
22.8376;63;-26.7353;13.4271;-22;-18;
23.3049;63.237;-26.7489;13.1831;-22;-18;
24.1721;63.8564;-26.8637;12.8206;-22;-18;
24.6925;64.113;-26.8402;12.5803;-22;-18;
25.2309;64.3723;-26.8012;12.3403;-22;-18;
25.7861;64.634;-26.7464;12.1015;-22;-18;
26.3574;64.8979;-26.676;11.8645;-22;-18;
26.9439;65.1638;-26.5899;11.6301;-22;-18;
27.5445;65.4315;-26.4882;11.3988;-22;-18;
28.1585;65.7008;-26.371;11.1714;-22;-18;
28.7849;65.9715;-26.2383;10.9484;-22;-18;
29.4228;66.2436;-26.0905;10.7303;-22;-18;
30.0714;66.5167;-25.9275;10.5178;-22;-18;
30.7297;66.7909;-25.7497;10.3114;-22;-18;
31.397;67.0658;-25.5572;10.1116;-22;-18;
32.0724;67.3416;-25.3504;9.9188;-22;-18;
32.7549;67.6179;-25.1295;9.73357;-22;-18;
33.4437;67.8949;-24.8948;9.55636;-22;-18;
34.138;68.1723;-24.6466;9.38762;-22;-18;
34.8368;68.4501;-24.3854;9.22781;-22;-18;
35.5394;68.7283;-24.1115;9.07736;-22;-18;
36.2447;69.0068;-23.8254;8.93672;-22;-18;
36.952;69.2857;-23.5274;8.80632;-22;-18;
37.6603;69.565;-23.2181;8.6866;-22;-18;
38.3687;69.8446;-22.8979;8.57799;-22;-18;
39.0764;70.1247;-22.5674;8.48092;-22;-18;
39.7823;70.4053;-22.2272;8.39583;-22;-18;
40.4856;70.6865;-21.8778;8.32314;-22;-18;
41.1852;70.9683;-21.5198;8.26331;-22;-18;
41.8802;71.2509;-21.1539;8.21676;-22;-18;
42.5697;71.5345;-20.7808;8.18394;-22;-18;
43.2527;71.8191;-20.4012;8.16529;-22;-18;
43.928;72.1049;-20.0157;8.16124;-21.947;-18;
44.5948;72.3922;-19.6252;8.17224;-21.8257;-18;
45.2519;72.6809;-19.2304;8.1987;-21.7089;-18;
45.8983;72.9715;-18.8321;8.24104;-21.5969;-18;
46.5331;73.2639;-18.4311;8.29967;-21.49;-18;
47.1552;73.5584;-18.0283;8.37497;-21.3886;-18;
47.7635;73.8552;-17.6244;8.4673;-21.2928;-18;
48.3569;74.1544;-17.2205;8.57698;-21.2029;-18;
48.9345;74.456;-16.8173;8.70427;-21.1193;-18;
49.4951;74.7602;-16.4157;8.84942;-21.0421;-18;
50.0378;75.067;-16.0166;9.01257;-20.9715;-18;
50.5616;75.3763;-15.6209;9.19379;-20.9077;-18;
51.0656;75.6881;-15.2293;9.39308;-20.8507;-18;
51.5489;76.002;-14.8428;9.61032;-20.8009;-18;
52.0108;76.318;-14.462;9.84526;-20.7581;-18;
52.4503;76.6355;-14.0877;10.0975;-20.7224;-18;
52.8669;76.9541;-13.7206;10.3666;-20.6939;-18;
53.2601;77.2733;-13.3614;10.6517;-20.6723;-18;
53.6293;77.5921;-13.0107;10.9521;-20.6577;-18;
53.9741;77.9099;-12.6691;11.2667;-20.6499;-18;
54.2944;78.2255;-12.3371;11.594;-20.6485;-18;
54.5899;78.5379;-12.0151;11.9328;-20.6534;-18;
54.8608;78.8457;-11.7037;12.2812;-20.6642;-18;
55.1036;79.1426;-11.4076;12.6314;-20.6798;-18;
55.3142;79.4182;-11.134;12.97;-20.6987;-18;
55.4948;79.67;-10.8828;13.2924;-20.7195;-18;
55.6497;79.9;-10.6509;13.5994;-20.7414;-18;
55.7828;80.1102;-10.4354;13.892;-20.764;-18;
55.897;80.3027;-10.2343;14.1714;-20.787;-18;
55.9946;80.4789;-10.046;14.4383;-20.8101;-18;
56.0776;80.6405;-9.86926;14.6936;-20.8332;-18;
56.1477;80.7886;-9.70298;14.9379;-20.8562;-18;
56.2061;80.9243;-9.54657;15.1716;-20.8791;-18;
56.254;81.0485;-9.39951;15.395;-20.9017;-18;
56.2925;81.1622;-9.26132;15.6084;-20.924;-18;
56.3225;81.2661;-9.13169;15.8119;-20.946;-18;
56.3448;81.361;-9.0104;16.0058;-20.9676;-18;
56.3602;81.4474;-8.89725;16.19;-20.9888;-18;
56.3694;81.5261;-8.79215;16.3645;-21.0096;-18;
56.3731;81.5986;-8.69391;16.5316;-21.0302;-18;
56.3718;81.6643;-8.60362;16.6889;-21.0503;-18;
56.3664;81.7237;-8.52125;16.8361;-21.0698;-18;
56.3574;81.7775;-8.44669;16.9734;-21.0887;-18;
56.354;81.8006;-8.40917;17.0374;-21.0967;-18;
56.3261;81.9018;-8.28989;17.2859;-21.1357;-18;
56.2813;82.1351;-8.06605;17.7878;-21.2201;-18;
56.2571;82.4016;-7.8566;18.2879;-21.309;-18;
56.254;82.6981;-7.66135;18.7827;-21.4012;-18;
56.2724;83.0215;-7.48015;19.269;-21.4957;-18;
56.3122;83.3688;-7.31276;19.7438;-21.5917;-18;
56.3734;83.7371;-7.15898;20.2047;-21.6883;-18;
56.4557;84.1237;-7.0186;20.6495;-21.7846;-18;
56.5587;84.5262;-6.89141;21.0761;-21.88;-18;
56.6821;84.9422;-6.77722;21.4829;-21.9738;-18;
56.8251;85.3694;-6.67583;21.8685;-22;-18;
56.9871;85.8058;-6.58704;22.2317;-22;-18;
57.1674;86.2494;-6.51065;22.5714;-22;-18;
57.3651;86.6984;-6.44647;22.8868;-22;-18;
57.5795;87.1511;-6.39432;23.1773;-22;-18;
57.8096;87.6059;-6.35398;23.4423;-22;-18;
58.0545;88.0614;-6.32526;23.6816;-22;-18;
58.3133;88.5162;-6.30796;23.8949;-22;-18;
58.5851;88.969;-6.30186;24.0821;-22;-18;
58.8688;89.4187;-6.30677;24.2431;-22;-18;
59.1637;89.8642;-6.32246;24.3781;-22;-18;
59.4687;90.3046;-6.34872;24.4872;-22;-18;
59.7828;90.7389;-6.38532;24.5707;-22;-18;
60.1053;91.1663;-6.43205;24.6289;-22;-18;
60.4351;91.586;-6.48868;24.6622;-22;-18;
60.7714;91.9974;-6.55499;24.671;-22;-18;
61.1134;92.3999;-6.63074;24.6558;-22;-18;
61.4601;92.7929;-6.71573;24.6171;-22;-18;
61.8107;93.1758;-6.80971;24.5554;-22;-18;
62.1645;93.5484;-6.91249;24.4714;-22;-18;
62.5206;93.9101;-7.02383;24.3657;-22;-18;
62.8783;94.2607;-7.14353;24.2389;-22;-18;
63.2368;94.5998;-7.27138;24.0916;-22;-18;
63.5955;94.9273;-7.40718;23.9247;-22;-18;
63.9535;95.2429;-7.55076;23.7386;-22;-18;
64.3103;95.5464;-7.70191;23.5342;-22;-18;
64.6651;95.8378;-7.86046;23.3122;-22;-18;
65.0174;96.117;-8.02625;23.0733;-22;-18;
65.3664;96.3838;-8.1991;22.8183;-22;-18;
65.7117;96.6384;-8.37889;22.5479;-22;-18;
66.0524;96.8808;-8.56546;22.2629;-22;-18;
66.3882;97.111;-8.75869;21.9641;-22;-18;
66.7184;97.3291;-8.95846;21.6522;-22;-18;
67.0425;97.5352;-9.16467;21.328;-22;-18;
67.36;97.7295;-9.37725;20.9923;-22;-18;
67.6702;97.9121;-9.59609;20.6458;-22;-18;
67.9727;98.0832;-9.82115;20.2894;-22;-18;
68.2669;98.2431;-10.0524;19.9238;-22;-18;
68.5525;98.392;-10.2897;19.5498;-22;-18;
68.8288;98.5301;-10.5331;19.1682;-22;-18;
69.0954;98.6577;-10.7827;18.7797;-22;-18;
69.3518;98.7752;-11.0383;18.3851;-22;-18;
69.5975;98.8827;-11.3;17.9852;-22;-18;
69.832;98.9806;-11.5678;17.5808;-22;-18;
70.0549;99.0692;-11.8417;17.1726;-22;-18;
70.2657;99.1489;-12.1219;16.7613;-22;-18;
70.464;99.2201;-12.4083;16.3478;-22;-18;
70.6493;99.283;-12.701;15.9328;-22;-18;
70.8211;99.3381;-13;15.517;-22;-18;
70.979;99.3856;-13.3055;15.1011;-22;-18;
71.1225;99.426;-13.6175;14.686;-21.9877;-18;
71.2512;99.4596;-13.936;14.2724;-21.9571;-18;
71.3647;99.4867;-14.2611;13.8608;-21.9294;-18;
71.4625;99.5077;-14.593;13.4522;-21.9048;-18;
71.5443;99.5229;-14.9316;13.0471;-21.8835;-18;
71.6095;99.5327;-15.277;12.6463;-21.8658;-18;
71.6578;99.5373;-15.6292;12.2504;-21.8519;-18;
71.6888;99.537;-15.9882;11.8601;-21.8419;-18;
71.7021;99.5321;-16.354;11.476;-21.8361;-18;
71.6973;99.5227;-16.7267;11.0988;-21.8346;-18;
71.6741;99.5092;-17.106;10.7291;-21.8377;-18;
71.632;99.4916;-17.492;10.3675;-21.8455;-18;
71.5709;99.47;-17.8845;10.0146;-21.8581;-18;
71.4903;99.4446;-18.2834;9.67096;-21.8758;-18;
71.3899;99.4153;-18.6882;9.33718;-21.8985;-18;
71.2694;99.3821;-19.0989;9.01379;-21.9264;-18;
71.1286;99.345;-19.515;8.70132;-21.9597;-18;
70.9675;99.3037;-19.9357;8.40054;-21.9983;-18;
70.7881;99.258;-20.3555;8.11431;-22;-18;
70.5984;99.2075;-20.7596;7.84944;-22;-18;
70.3989;99.1521;-21.1487;7.60443;-22;-18;
70.1898;99.0918;-21.5242;7.37784;-22;-18;
69.9708;99.0265;-21.8874;7.1684;-22;-18;
69.7416;98.9561;-22.2395;6.97501;-22;-18;
69.5015;98.8804;-22.5823;6.79672;-22;-18;
69.2494;98.7991;-22.917;6.63273;-22;-18;
68.9841;98.7118;-23.2453;6.48245;-22;-18;
68.704;98.6181;-23.5686;6.34546;-22;-18;
68.4073;98.5172;-23.8883;6.22157;-22;-18;
68.092;98.4085;-24.2057;6.11087;-22;-18;
67.7557;98.2911;-24.5218;6.01366;-22;-18;
67.3959;98.164;-24.8375;5.93059;-22;-18;
67.0102;98.0261;-25.1533;5.86262;-22;-18;
66.5956;97.8763;-25.4696;5.81105;-22;-18;
66.1495;97.7134;-25.7863;5.77757;-22;-18;
65.6707;97.537;-26.1019;5.7643;-22;-18;
65.1685;97.3508;-26.4087;5.77354;-22;-18;
64.655;97.1598;-26.6985;5.80631;-22;-18;
64.1317;96.9648;-26.9703;5.86275;-22;-18;
63.6003;96.7665;-27.2232;5.94293;-22;-18;
63.0625;96.5656;-27.4563;6.04677;-22;-18;
62.5201;96.363;-27.6688;6.17412;-22;-18;
61.9747;96.1597;-27.8603;6.32469;-22;-18;
61.428;95.9564;-28.0302;6.49812;-22;-18;
60.8819;95.7541;-28.1783;6.69393;-22;-18;
60.338;95.5538;-28.3043;6.91156;-22;-18;
59.7979;95.3563;-28.408;7.15036;-22;-18;
59.2633;95.1624;-28.4895;7.40962;-22;-18;
58.7357;94.973;-28.5488;7.68854;-22;-18;
58.2165;94.7889;-28.5861;7.98626;-22;-18;
57.7073;94.6108;-28.6016;8.30187;-22;-18;
57.2094;94.4395;-28.5958;8.6344;-22;-18;
56.724;94.2757;-28.5689;8.98287;-22;-18;
56.2523;94.12;-28.5215;9.34621;-22;-18;
55.7954;93.9729;-28.4541;9.72339;-22;-18;
55.3544;93.8351;-28.3673;10.1133;-22;-18;
54.9303;93.7068;-28.2617;10.5149;-22;-18;
54.5238;93.5887;-28.1379;10.927;-22;-18;
54.1359;93.481;-27.9966;11.3485;-22;-18;
53.7671;93.384;-27.8387;11.7783;-22;-18;
53.4181;93.2982;-27.6647;12.2153;-22;-18;
53.0895;93.2235;-27.4756;12.6584;-22;-18;
52.7818;93.1603;-27.272;13.1066;-22;-18;
52.4953;93.1087;-27.0547;13.5587;-22;-18;
52.2304;93.0687;-26.8246;14.0138;-22;-18;
51.9873;93.0404;-26.5824;14.4707;-22;-18;
51.7664;93.0239;-26.3289;14.9285;-22;-18;
51.5676;93.019;-26.065;15.3863;-22;-18;
51.3912;93.0256;-25.7913;15.8431;-22;-18;
51.2371;93.0438;-25.5087;16.298;-22;-18;
51.1053;93.0734;-25.2179;16.7502;-22;-18;
50.9958;93.1141;-24.9196;17.1987;-22;-18;
50.9085;93.1659;-24.6146;17.6428;-22;-18;
50.8431;93.2285;-24.3037;18.0818;-22;-18;
50.7996;93.3017;-23.9873;18.5148;-22;-18;
50.7776;93.3852;-23.6664;18.9413;-22;-18;
50.7769;93.4788;-23.3414;19.3605;-22;-18;
50.7973;93.5822;-23.0131;19.7718;-22;-18;
50.8383;93.695;-22.682;20.1747;-22;-18;
50.8997;93.817;-22.3487;20.5686;-22;-18;
50.9811;93.9479;-22.0138;20.9529;-22;-18;
51.0822;94.0872;-21.6778;21.3273;-22;-18;
51.2024;94.2348;-21.3412;21.6912;-22;-18;
51.3414;94.3902;-21.0045;22.0443;-22;-18;
51.4987;94.5531;-20.6682;22.3862;-22;-18;
51.674;94.7231;-20.3327;22.7165;-22;-18;
51.8666;94.9;-19.9985;23.0348;-22;-18;
52.0762;95.0832;-19.6659;23.3411;-22;-18;
52.3023;95.2726;-19.3354;23.6349;-22;-18;
52.5444;95.4677;-19.0072;23.9161;-22;-18;
52.8019;95.6682;-18.6818;24.1845;-22;-18;
53.0744;95.8737;-18.3593;24.44;-22;-18;
53.3613;96.084;-18.0403;24.6824;-22;-18;
53.6621;96.2986;-17.7248;24.9117;-22;-18;
53.9762;96.5173;-17.4132;25.1279;-22;-18;
54.3034;96.7397;-17.1056;25.3307;-22;-18;
54.643;96.9655;-16.8024;25.5202;-22;-18;
54.9945;97.1945;-16.5037;25.6962;-22;-18;
55.3577;97.4263;-16.2097;25.8589;-22;-18;
55.7319;97.6606;-15.9206;26.0081;-22;-18;
56.1168;97.8971;-15.6365;26.1439;-22;-18;
56.5118;98.1356;-15.3575;26.2663;-22;-18;
56.9166;98.3759;-15.0839;26.3753;-22;-18;
57.3307;98.6175;-14.8158;26.4711;-22;-18;
57.7537;98.8604;-14.5531;26.5536;-22;-18;
58.1851;99.1042;-14.2962;26.623;-22;-18;
58.6246;99.3488;-14.0449;26.6793;-22;-18;
59.0716;99.5938;-13.7995;26.7227;-22;-18;
59.5275;99.8396;-13.559;26.753;-22;-18;
60.0022;100.088;-13.3173;26.7687;-22;-18;
60.497;100.34;-13.0739;26.7692;-22;-18;
61.0108;100.595;-12.8298;26.7543;-22;-18;
61.5429;100.853;-12.5857;26.724;-22;-18;
62.0921;101.113;-12.3425;26.6782;-22;-18;
62.6578;101.375;-12.1008;26.6168;-22;-18;
63.2388;101.64;-11.8615;26.5398;-22;-18;
63.8344;101.907;-11.625;26.4473;-22;-18;
64.4436;102.175;-11.3922;26.3393;-22;-18;
65.0655;102.445;-11.1635;26.2159;-22;-18;
65.6993;102.716;-10.9396;26.0774;-22;-18;
66.3442;102.989;-10.721;25.9237;-22;-18;
66.9991;103.263;-10.5082;25.7552;-22;-18;
67.6621;103.537;-10.3024;25.5725;-22;-18;
68.3336;103.812;-10.1033;25.3752;-22;-18;
69.0128;104.088;-9.91153;25.1638;-22;-18;
69.6988;104.365;-9.72752;24.9385;-22;-18;
70.3908;104.642;-9.55173;24.6995;-22;-18;
71.0879;104.92;-9.38464;24.4473;-22;-18;
71.7891;105.198;-9.22667;24.1822;-22;-18;
72.4937;105.477;-9.07829;23.9047;-22;-18;
73.2007;105.756;-8.93992;23.6152;-22;-18;
73.9093;106.035;-8.81201;23.314;-22;-18;
74.6185;106.315;-8.69499;23.0018;-22;-18;
75.3275;106.596;-8.5893;22.6789;-22;-18;
76.0352;106.877;-8.49537;22.3461;-22;-18;
76.7409;107.158;-8.41364;22.0037;-22;-18;
77.4435;107.441;-8.34454;21.6525;-22;-18;
78.142;107.724;-8.28853;21.2931;-22;-18;
78.8356;108.008;-8.24602;20.926;-22;-18;
79.5231;108.293;-8.21749;20.552;-22;-18;
80.2037;108.579;-8.20335;20.1718;-22;-18;
80.8762;108.866;-8.20405;19.7862;-21.8872;-18;
81.5397;109.156;-8.22002;19.3958;-21.768;-18;
82.1931;109.446;-8.25169;19.0016;-21.6535;-18;
82.8354;109.739;-8.29947;18.6042;-21.5439;-18;
83.4655;110.034;-8.36375;18.2046;-21.4396;-18;
84.0824;110.331;-8.4449;17.8035;-21.3409;-18;
84.685;110.63;-8.54326;17.4018;-21.2479;-18;
85.2722;110.932;-8.65912;17.0005;-21.1611;-18;
85.8431;111.236;-8.79275;16.6002;-21.0805;-18;
86.3966;111.543;-8.94433;16.202;-21.0065;-18;
86.9317;111.852;-9.11397;15.8067;-20.9391;-18;
87.4475;112.164;-9.30171;15.4151;-20.8786;-18;
87.9431;112.479;-9.50748;15.028;-20.8251;-18;
88.4176;112.795;-9.73112;14.6462;-20.7786;-18;
88.8703;113.113;-9.9723;14.2705;-20.7392;-18;
89.3438;113.389;-10.1873;13.8582;-20.6817;-18;
89.7388;113.721;-10.474;13.5087;-20.6635;-18;
90.1104;114.054;-10.7762;13.167;-20.6521;-18;
90.459;114.386;-11.0938;12.833;-20.6473;-18;
90.7835;114.716;-11.4246;12.5078;-20.6489;-18;
91.3834;115.342;-12.0967;11.8624;-20.6567;-18;
91.6448;115.65;-12.4484;11.5569;-20.6701;-18;
91.8764;115.943;-12.7971;11.2694;-20.6879;-18;
92.0751;116.211;-13.1301;11.0061;-20.7081;-18;
92.2452;116.456;-13.4463;10.7643;-20.7298;-18;
92.391;116.679;-13.7468;10.5409;-20.7524;-18;
92.5161;116.882;-14.0331;10.3331;-20.7753;-18;
92.6233;117.068;-14.3061;10.139;-20.7985;-18;
92.7149;117.239;-14.5679;9.95648;-20.8218;-18;
92.7929;117.397;-14.8197;9.78424;-20.8453;-18;
92.8585;117.542;-15.061;9.62198;-20.8687;-18;
92.9128;117.674;-15.2914;9.46958;-20.8917;-18;
92.9569;117.794;-15.5102;9.32699;-20.9143;-18;
92.9918;117.903;-15.7178;9.1937;-20.9364;-18;
93.0185;118.003;-15.9154;9.0689;-20.9581;-18;
93.038;118.094;-16.1036;8.95213;-20.9794;-18;
93.0508;118.176;-16.2824;8.84323;-21.0003;-18;
93.0578;118.252;-16.4519;8.74214;-21.0208;-18;
93.0596;118.32;-16.612;8.64877;-21.0408;-18;
93.0568;118.382;-16.7626;8.56308;-21.0603;-18;
93.05;118.439;-16.9036;8.48501;-21.0792;-18;
93.0481;118.462;-16.9692;8.44518;-21.087;-18;
93.0241;118.565;-17.2155;8.32483;-21.125;-18;
92.9861;118.8;-17.7141;8.10011;-21.208;-18;
92.9685;119.069;-18.2106;7.89013;-21.2955;-18;
92.9719;119.368;-18.7014;7.69473;-21.3864;-18;
92.9964;119.694;-19.1835;7.51368;-21.4796;-18;
93.0422;120.043;-19.654;7.34679;-21.5742;-18;
93.109;120.413;-20.1103;7.19382;-21.6695;-18;
93.1967;120.802;-20.5503;7.05455;-21.7645;-18;
93.3049;121.206;-20.9721;6.92875;-21.8587;-18;
93.4331;121.623;-21.374;6.81621;-21.9513;-18;
93.5806;122.052;-21.7545;6.71671;-22;-18;
93.7468;122.489;-22.1126;6.63005;-22;-18;
93.9309;122.934;-22.4471;6.55601;-22;-18;
94.1323;123.384;-22.7573;6.49439;-22;-18;
94.35;123.837;-23.0425;6.44501;-22;-18;
94.5831;124.293;-23.3021;6.40766;-22;-18;
94.8309;124.749;-23.5358;6.38211;-22;-18;
95.0922;125.204;-23.7435;6.36816;-22;-18;
95.3663;125.657;-23.925;6.36558;-22;-18;
95.652;126.106;-24.0803;6.37415;-22;-18;
95.9486;126.552;-24.2095;6.39365;-22;-18;
96.255;126.992;-24.3129;6.42383;-22;-18;
96.5702;127.425;-24.3907;6.46449;-22;-18;
96.8935;127.852;-24.4432;6.51537;-22;-18;
97.2239;128.271;-24.4708;6.57624;-22;-18;
97.5604;128.681;-24.474;6.64689;-22;-18;
97.9023;129.083;-24.4532;6.72707;-22;-18;
98.2486;129.474;-24.409;6.81654;-22;-18;
98.5986;129.856;-24.3419;6.91508;-22;-18;
98.9514;130.226;-24.2526;7.02246;-22;-18;
99.3062;130.586;-24.1417;7.13848;-22;-18;
99.6624;130.935;-24.0099;7.26289;-22;-18;
100.019;131.272;-23.8578;7.3955;-22;-18;
100.375;131.598;-23.6861;7.5361;-22;-18;
100.731;131.911;-23.4955;7.68449;-22;-18;
101.085;132.212;-23.2868;7.84049;-22;-18;
101.437;132.501;-23.0608;8.00391;-22;-18;
101.786;132.778;-22.8181;8.17459;-22;-18;
102.131;133.043;-22.5595;8.35237;-22;-18;
102.472;133.295;-22.2858;8.53708;-22;-18;
102.809;133.535;-21.9977;8.72862;-22;-18;
103.14;133.763;-21.6961;8.92683;-22;-18;
103.466;133.979;-21.3816;9.13161;-22;-18;
103.785;134.183;-21.0551;9.34285;-22;-18;
104.097;134.375;-20.7174;9.56048;-22;-18;
104.401;134.555;-20.3692;9.78441;-22;-18;
104.698;134.724;-20.0113;10.0146;-22;-18;
104.986;134.881;-19.6445;10.2509;-22;-18;
105.265;135.028;-19.2696;10.4934;-22;-18;
105.535;135.164;-18.8874;10.742;-22;-18;
105.794;135.289;-18.4985;10.9968;-22;-18;
106.043;135.405;-18.1039;11.2576;-22;-18;
106.281;135.51;-17.7042;11.5246;-22;-18;
106.508;135.606;-17.3003;11.7977;-22;-18;
106.723;135.693;-16.8929;12.077;-22;-18;
106.925;135.77;-16.4827;12.3624;-22;-18;
107.115;135.84;-16.0705;12.6542;-22;-18;
107.291;135.901;-15.6571;12.9522;-22;-18;
107.454;135.954;-15.2433;13.2566;-22;-18;
107.602;136;-14.8297;13.5674;-22;-18;
107.736;136.038;-14.4171;13.8847;-21.9872;-18;
107.855;136.07;-14.0062;14.2086;-21.9592;-18;
107.958;136.095;-13.5978;14.539;-21.9342;-18;
108.046;136.114;-13.1926;14.8761;-21.9123;-18;
108.117;136.128;-12.7912;15.2199;-21.8939;-18;
108.171;136.136;-12.3943;15.5704;-21.8791;-18;
108.208;136.139;-12.0027;15.9277;-21.8681;-18;
108.228;136.137;-11.6169;16.2917;-21.8611;-18;
108.23;136.13;-11.2376;16.6624;-21.8584;-18;
108.213;136.118;-10.8655;17.0397;-21.8601;-18;
108.178;136.103;-10.5012;17.4236;-21.8663;-18;
108.124;136.083;-10.1452;17.8139;-21.8773;-18;
108.051;136.059;-9.79811;18.2105;-21.8931;-18;
107.958;136.031;-9.46059;18.6131;-21.9139;-18;
107.845;135.999;-9.13314;19.0215;-21.9399;-18;
107.711;135.963;-8.81635;19.4353;-21.9711;-18;
107.558;135.923;-8.51073;19.8542;-22;-18;
107.384;135.878;-8.21757;20.2761;-22;-18;
107.195;135.828;-7.94154;20.6915;-22;-18;
106.996;135.774;-7.68603;21.0917;-22;-18;
106.787;135.714;-7.44958;21.478;-22;-18;
106.567;135.65;-7.23088;21.8515;-22;-18;
106.338;135.58;-7.02875;22.2137;-22;-18;
106.097;135.505;-6.84219;22.566;-22;-18;
105.844;135.424;-6.67036;22.9099;-22;-18;
105.578;135.337;-6.51261;23.2468;-22;-18;
105.297;135.244;-6.36847;23.5784;-22;-18;
105;135.144;-6.23769;23.9059;-22;-18;
104.685;135.036;-6.12027;24.2306;-22;-18;
104.35;134.92;-6.01677;24.5526;-22;-18;
103.993;134.794;-5.92744;24.8736;-22;-18;
103.611;134.658;-5.8531;25.1942;-22;-18;
103.201;134.511;-5.7949;25.515;-22;-18;
102.761;134.351;-5.75438;25.8358;-22;-18;
102.287;134.177;-5.7334;26.1566;-22;-18;
101.789;133.993;-5.73445;26.4696;-22;-18;
101.28;133.805;-5.75876;26.7661;-22;-18;
100.76;133.611;-5.80651;27.045;-22;-18;
100.231;133.414;-5.87781;27.3052;-22;-18;
99.6955;133.214;-5.97263;27.5458;-22;-18;
99.1547;133.012;-6.09086;27.7663;-22;-18;
98.6105;132.808;-6.23227;27.9657;-22;-18;
98.0644;132.605;-6.39652;28.1438;-22;-18;
97.5183;132.402;-6.58319;28.3001;-22;-18;
96.9738;132.2;-6.79177;28.4344;-22;-18;
96.4325;132.001;-7.02164;28.5464;-22;-18;
95.8962;131.804;-7.27212;28.6362;-22;-18;
95.3662;131.612;-7.54245;28.7038;-22;-18;
94.8442;131.425;-7.83182;28.7493;-22;-18;
94.3316;131.244;-8.13933;28.773;-22;-18;
93.8297;131.069;-8.46406;28.7751;-22;-18;
93.3398;130.901;-8.80503;28.756;-22;-18;
92.8631;130.741;-9.16123;28.7163;-22;-18;
92.4009;130.589;-9.53163;28.6563;-22;-18;
91.954;130.446;-9.91514;28.5767;-22;-18;
91.5236;130.312;-10.3107;28.478;-22;-18;
91.1105;130.189;-10.7172;28.3609;-22;-18;
90.7154;130.075;-11.1335;28.2261;-22;-18;
90.3393;129.972;-11.5586;28.0742;-22;-18;
89.9826;129.88;-11.9914;27.9061;-22;-18;
89.646;129.799;-12.4307;27.7224;-22;-18;
89.3301;129.73;-12.8754;27.524;-22;-18;
89.0351;129.671;-13.3246;27.3116;-22;-18;
88.7616;129.625;-13.7772;27.086;-22;-18;
88.5097;129.59;-14.2321;26.848;-22;-18;
88.2798;129.566;-14.6883;26.5984;-22;-18;
88.0719;129.555;-15.145;26.3379;-22;-18;
87.8863;129.555;-15.6011;26.0674;-22;-18;
87.7229;129.566;-16.0557;25.7877;-22;-18;
87.5818;129.589;-16.5079;25.4994;-22;-18;
87.4629;129.623;-16.957;25.2033;-22;-18;
87.3661;129.668;-17.402;24.9002;-22;-18;
87.2914;129.724;-17.8423;24.5907;-22;-18;
87.2385;129.791;-18.2771;24.2757;-22;-18;
87.2071;129.868;-18.7056;23.9557;-22;-18;
87.1971;129.956;-19.1272;23.6314;-22;-18;
87.2082;130.053;-19.5414;23.3034;-22;-18;
87.2398;130.16;-19.9475;22.9725;-22;-18;
87.2915;130.276;-20.3452;22.6393;-22;-18;
87.3631;130.401;-20.7338;22.3042;-22;-18;
87.4541;130.535;-21.1129;21.9678;-22;-18;
87.5642;130.677;-21.4821;21.6307;-22;-18;
87.693;130.827;-21.8408;21.2932;-22;-18;
87.8401;130.985;-22.1887;20.956;-22;-18;
88.0051;131.15;-22.5255;20.6193;-22;-18;
88.1875;131.322;-22.8508;20.2837;-22;-18;
88.3868;131.501;-23.1643;19.9495;-22;-18;
88.6027;131.686;-23.4658;19.6171;-22;-18;
88.8346;131.877;-23.755;19.2869;-22;-18;
89.0822;132.073;-24.0316;18.9592;-22;-18;
89.3449;132.275;-24.2956;18.6344;-22;-18;
89.6222;132.482;-24.5467;18.3127;-22;-18;
89.9137;132.693;-24.7848;17.9943;-22;-18;
90.219;132.908;-25.0098;17.6797;-22;-18;
90.5375;133.128;-25.2215;17.369;-22;-18;
90.8688;133.351;-25.4199;17.0624;-22;-18;
91.2125;133.578;-25.605;16.7602;-22;-18;
91.5679;133.807;-25.7767;16.4625;-22;-18;
91.9348;134.039;-25.9349;16.1696;-22;-18;
92.3126;134.274;-26.0798;15.8816;-22;-18;
92.7009;134.511;-26.2112;15.5987;-22;-18;
93.0992;134.749;-26.3293;15.321;-22;-18;
93.5071;134.99;-26.4341;15.0486;-22;-18;
93.9242;135.232;-26.5256;14.7817;-22;-18;
94.35;135.474;-26.604;14.5203;-22;-18;
94.7842;135.718;-26.6692;14.2646;-22;-18;
95.2263;135.962;-26.7214;14.0147;-22;-18;
95.6759;136.207;-26.7606;13.7707;-22;-18;
96.1379;136.453;-26.7863;13.5293;-22;-18;
96.6185;136.703;-26.7972;13.2869;-22;-18;
97.1191;136.955;-26.7929;13.043;-22;-18;
97.6386;137.21;-26.7731;12.7984;-22;-18;
98.1763;137.468;-26.7378;12.5541;-22;-18;
98.731;137.729;-26.6868;12.3107;-22;-18;
99.302;137.991;-26.6203;12.069;-22;-18;
99.8882;138.256;-26.5382;11.8298;-22;-18;
100.489;138.523;-26.4405;11.5936;-22;-18;
101.103;138.791;-26.3273;11.3611;-22;-18;
101.73;139.061;-26.1988;11.133;-22;-18;
102.368;139.333;-26.055;10.9097;-22;-18;
103.017;139.605;-25.8963;10.6919;-22;-18;
103.676;139.879;-25.7226;10.48;-22;-18;
104.344;140.153;-25.5344;10.2746;-22;-18;
105.021;140.429;-25.3317;10.0763;-22;-18;
105.705;140.705;-25.115;9.88536;-22;-18;
106.395;140.982;-24.8846;9.70239;-22;-18;
107.091;141.259;-24.6406;9.52782;-22;-18;
107.791;141.537;-24.3836;9.36212;-22;-18;
108.496;141.815;-24.1138;9.2057;-22;-18;
109.203;142.094;-23.8318;9.05903;-22;-18;
109.913;142.373;-23.5379;8.92252;-22;-18;
110.624;142.653;-23.2326;8.79664;-22;-18;
111.335;142.933;-22.9164;8.6818;-22;-18;
112.046;143.214;-22.5898;8.57843;-22;-18;
112.755;143.495;-22.2534;8.48699;-22;-18;
113.461;143.777;-21.9076;8.40789;-22;-18;
114.164;144.059;-21.5533;8.34158;-22;-18;
114.863;144.343;-21.1909;8.2885;-22;-18;
115.557;144.627;-20.8212;8.24909;-22;-18;
116.244;144.913;-20.4448;8.22379;-22;-18;
116.924;145.199;-20.0624;8.21304;-21.9787;-18;
117.595;145.487;-19.6748;8.21728;-21.8559;-18;
118.257;145.777;-19.2829;8.23695;-21.7376;-18;
118.909;146.069;-18.8872;8.27245;-21.6241;-18;
119.549;146.362;-18.4887;8.32421;-21.5156;-18;
120.177;146.658;-18.0881;8.3926;-21.4125;-18;
120.792;146.956;-17.6864;8.47801;-21.3151;-18;
121.391;147.256;-17.2843;8.58077;-21.2235;-18;
121.975;147.559;-16.8828;8.70115;-21.1382;-18;
122.543;147.865;-16.4828;8.83941;-21.0592;-18;
123.093;148.173;-16.0849;8.9957;-20.9868;-18;
123.624;148.484;-15.6903;9.17016;-20.9212;-18;
124.135;148.797;-15.2996;9.36278;-20.8625;-18;
124.626;149.113;-14.9136;9.57345;-20.8109;-18;
125.096;149.431;-14.5333;9.802;-20.7663;-18;
125.543;149.751;-14.1592;10.0481;-20.7289;-18;
125.968;150.072;-13.7921;10.3112;-20.6986;-18;
126.37;150.393;-13.4328;10.5907;-20.6753;-18;
126.747;150.715;-13.0818;10.8857;-20.6591;-18;
127.101;151.035;-12.7396;11.1952;-20.6496;-18;
127.429;151.354;-12.4068;11.5181;-20.6468;-18;
127.733;151.67;-12.084;11.8528;-20.6502;-18;
128.013;151.982;-11.7715;12.1977;-20.6596;-18;
128.266;152.286;-11.4714;12.5487;-20.6744;-18;
128.488;152.573;-11.1913;12.893;-20.693;-18;
128.679;152.834;-10.9349;13.2205;-20.7137;-18;
128.842;153.073;-10.699;13.5316;-20.7357;-18;
128.982;153.29;-10.4806;13.8276;-20.7584;-18;
129.102;153.489;-10.2772;14.1096;-20.7814;-18;
129.205;153.67;-10.0868;14.379;-20.8046;-18;
129.293;153.838;-9.90746;14.6376;-20.8279;-18;
129.367;153.992;-9.73824;14.8863;-20.8514;-18;
129.43;154.133;-9.57894;15.1244;-20.8747;-18;
129.481;154.262;-9.42945;15.3513;-20.8976;-18;
129.523;154.379;-9.28973;15.5666;-20.92;-18;
129.556;154.486;-9.15902;15.7711;-20.942;-18;
129.581;154.583;-9.03651;15.9661;-20.9635;-18;
129.598;154.672;-8.92196;16.1518;-20.9848;-18;
129.61;154.754;-8.81417;16.3303;-21.0059;-18;
129.615;154.829;-8.71425;16.4993;-21.0266;-18;
129.616;154.896;-8.6222;16.6586;-21.0468;-18;
129.611;154.958;-8.53796;16.8081;-21.0664;-18;
129.604;155.013;-8.46144;16.9478;-21.0854;-18;
129.598;155.046;-8.41228;17.0351;-21.0969;-18;
129.581;155.111;-8.3308;17.1989;-21.1218;-18;
129.535;155.339;-8.10461;17.7001;-21.2052;-18;
129.509;155.602;-7.89292;18.2;-21.2932;-18;
129.504;155.895;-7.6956;18.695;-21.3847;-18;
129.521;156.215;-7.51244;19.1817;-21.4786;-18;
129.559;156.559;-7.34325;19.6572;-21.5742;-18;
129.619;156.926;-7.1878;20.119;-21.6703;-18;
129.7;157.31;-7.0459;20.5648;-21.7664;-18;
129.801;157.711;-6.91733;20.9927;-21.8616;-18;
129.924;158.126;-6.80187;21.4007;-21.9553;-18;
130.065;158.552;-6.69935;21.7876;-22;-18;
130.226;158.988;-6.60953;22.1521;-22;-18;
130.406;159.431;-6.53224;22.4931;-22;-18;
130.603;159.88;-6.46728;22.8099;-22;-18;
130.816;160.332;-6.41442;23.1016;-22;-18;
131.046;160.787;-6.37351;23.3679;-22;-18;
131.29;161.242;-6.34429;23.6083;-22;-18;
131.548;161.697;-6.32659;23.8227;-22;-18;
131.819;162.15;-6.3202;24.0109;-22;-18;
132.103;162.6;-6.32487;24.1729;-22;-18;
132.397;163.046;-6.34042;24.3087;-22;-18;
132.701;163.487;-6.36661;24.4186;-22;-18;
133.015;163.921;-6.40322;24.5029;-22;-18;
133.337;164.349;-6.45003;24.5617;-22;-18;
133.667;164.769;-6.50679;24.5956;-22;-18;
134.003;165.181;-6.57331;24.6049;-22;-18;
134.344;165.584;-6.64931;24.59;-22;-18;
134.691;165.977;-6.73461;24.5517;-22;-18;
135.031;166.37;-6.83868;24.5;-22;-18;
135.391;166.736;-6.93529;24.4097;-22;-18;
135.754;167.092;-7.04072;24.2977;-22;-18;
136.117;167.437;-7.15477;24.1649;-22;-18;
136.481;167.77;-7.27728;24.0118;-22;-18;
137.182;168.429;-7.57321;23.6739;-22;-18;
137.538;168.732;-7.72505;23.4693;-22;-18;
137.892;169.024;-7.8843;23.2472;-22;-18;
138.244;169.303;-8.05082;23.0081;-22;-18;
138.592;169.57;-8.22445;22.7529;-22;-18;
138.937;169.824;-8.40501;22.4823;-22;-18;
139.277;170.066;-8.5924;22.1971;-22;-18;
139.612;170.296;-8.78646;21.8981;-22;-18;
139.941;170.514;-8.98709;21.586;-22;-18;
140.264;170.72;-9.1942;21.2617;-22;-18;
140.581;170.914;-9.40766;20.9258;-22;-18;
140.89;171.097;-9.62743;20.5792;-22;-18;
141.192;171.268;-9.85342;20.2227;-22;-18;
141.485;171.427;-10.0856;19.8571;-22;-18;
141.769;171.576;-10.3239;19.4831;-22;-18;
142.044;171.714;-10.5683;19.1014;-22;-18;
142.309;171.841;-10.8189;18.713;-22;-18;
142.564;171.958;-11.0755;18.3185;-22;-18;
142.809;172.066;-11.3383;17.9187;-22;-18;
143.042;172.163;-11.6072;17.5145;-22;-18;
143.263;172.252;-11.8822;17.1065;-22;-18;
143.472;172.331;-12.1634;16.6956;-22;-18;
143.669;172.402;-12.4509;16.2824;-22;-18;
143.852;172.465;-12.7448;15.8679;-22;-18;
144.022;172.52;-13.045;15.4526;-22;-18;
144.178;172.567;-13.3516;15.0373;-22;-18;
144.32;172.607;-13.6647;14.6228;-21.9826;-18;
144.447;172.641;-13.9844;14.2099;-21.9526;-18;
144.558;172.668;-14.3108;13.7991;-21.9255;-18;
144.654;172.689;-14.6438;13.3913;-21.9016;-18;
144.733;172.704;-14.9836;12.9872;-21.881;-18;
144.796;172.714;-15.3302;12.5873;-21.864;-18;
144.842;172.718;-15.6837;12.1925;-21.8508;-18;
144.871;172.718;-16.0439;11.8033;-21.8416;-18;
144.882;172.713;-16.411;11.4204;-21.8365;-18;
144.874;172.704;-16.7849;11.0445;-21.8359;-18;
144.849;172.69;-17.1654;10.6761;-21.8398;-18;
144.804;172.673;-17.5526;10.3159;-21.8484;-18;
144.74;172.651;-17.9463;9.9645;-21.8619;-18;
144.657;172.626;-18.3463;9.62242;-21.8804;-18;
144.554;172.597;-18.7523;9.29021;-21.904;-18;
144.431;172.564;-19.1641;8.96847;-21.9328;-18;
144.287;172.526;-19.5813;8.6577;-21.967;-18;
144.123;172.485;-20.0034;8.35846;-22;-18;
143.941;172.44;-20.4251;8.0736;-22;-18;
143.748;172.389;-20.831;7.8101;-22;-18;
143.546;172.334;-21.2219;7.56651;-22;-18;
143.334;172.274;-21.5991;7.34133;-22;-18;
143.112;172.209;-21.964;7.13332;-22;-18;
142.879;172.139;-22.318;6.94136;-22;-18;
142.636;172.063;-22.6625;6.76448;-22;-18;
142.381;171.982;-22.9992;6.60194;-22;-18;
142.112;171.895;-23.3294;6.45311;-22;-18;
141.829;171.801;-23.6547;6.31763;-22;-18;
141.528;171.7;-23.9764;6.19533;-22;-18;
141.209;171.591;-24.2957;6.08626;-22;-18;
140.869;171.473;-24.6137;5.99083;-22;-18;
140.505;171.346;-24.9313;5.90966;-22;-18;
140.115;171.208;-25.2489;5.84374;-22;-18;
139.696;171.058;-25.5668;5.79442;-22;-18;
139.246;170.894;-25.8849;5.76335;-22;-18;
138.761;170.717;-26.2029;5.75262;-22;-18;
138.257;170.531;-26.5092;5.76467;-22;-18;
137.742;170.341;-26.7984;5.80019;-22;-18;
137.217;170.146;-27.0695;5.85933;-22;-18;
136.684;169.948;-27.3215;5.94211;-22;-18;
136.146;169.748;-27.5536;6.0485;-22;-18;
135.602;169.546;-27.7651;6.17828;-22;-18;
135.056;169.343;-27.9554;6.3312;-22;-18;
134.509;169.14;-28.124;6.50687;-22;-18;
133.963;168.938;-28.2707;6.7048;-22;-18;
133.419;168.738;-28.3952;6.92445;-22;-18;
132.879;168.541;-28.4974;7.16514;-22;-18;
132.344;168.348;-28.5773;7.42616;-22;-18;
131.817;168.159;-28.6351;7.70671;-22;-18;
131.299;167.976;-28.6708;8.00592;-22;-18;
130.79;167.798;-28.6847;8.3229;-22;-18;
130.293;167.627;-28.6771;8.65667;-22;-18;
129.809;167.464;-28.6484;9.00624;-22;-18;
129.339;167.309;-28.5991;9.37057;-22;-18;
128.883;167.162;-28.5302;9.74858;-22;-18;
128.443;167.025;-28.4421;10.1392;-22;-18;
128.02;166.897;-28.3355;10.5414;-22;-18;
127.614;166.779;-28.2111;10.954;-22;-18;
127.227;166.672;-28.0694;11.376;-22;-18;
126.858;166.576;-27.9113;11.8062;-22;-18;
126.509;166.49;-27.7375;12.2436;-22;-18;
126.18;166.416;-27.5487;12.6871;-22;-18;
125.872;166.353;-27.3456;13.1356;-22;-18;
125.585;166.302;-27.1291;13.5881;-22;-18;
125.319;166.262;-26.8999;14.0436;-22;-18;
125.074;166.234;-26.6588;14.5011;-22;-18;
124.851;166.217;-26.4065;14.9595;-22;-18;
124.651;166.212;-26.1438;15.418;-22;-18;
124.472;166.219;-25.8715;15.8756;-22;-18;
124.315;166.237;-25.5903;16.3315;-22;-18;
124.18;166.266;-25.3011;16.7847;-22;-18;
124.068;166.307;-25.0044;17.2344;-22;-18;
123.977;166.358;-24.701;17.6799;-22;-18;
123.908;166.42;-24.3916;18.1205;-22;-18;
123.861;166.493;-24.0768;18.5552;-22;-18;
123.835;166.576;-23.7574;18.9836;-22;-18;
123.83;166.669;-23.434;19.4049;-22;-18;
123.846;166.771;-23.1071;19.8186;-22;-18;
123.882;166.883;-22.7774;20.224;-22;-18;
123.939;167.005;-22.4455;20.6206;-22;-18;
124.015;167.135;-22.1118;21.0079;-22;-18;
124.111;167.273;-21.777;21.3853;-22;-18;
124.226;167.42;-21.4415;21.7526;-22;-18;
124.36;167.575;-21.1058;22.1092;-22;-18;
124.512;167.737;-20.7704;22.4548;-22;-18;
124.682;167.906;-20.4356;22.7889;-22;-18;
124.869;168.082;-20.102;23.1113;-22;-18;
125.073;168.265;-19.7699;23.4217;-22;-18;
125.294;168.454;-19.4397;23.7198;-22;-18;
125.531;168.648;-19.1118;24.0054;-22;-18;
125.783;168.848;-18.7864;24.2783;-22;-18;
126.051;169.053;-18.4639;24.5383;-22;-18;
126.333;169.263;-18.1447;24.7852;-22;-18;
126.629;169.477;-17.8289;25.019;-22;-18;
126.939;169.695;-17.5168;25.2394;-22;-18;
127.262;169.917;-17.2088;25.4465;-22;-18;
127.598;170.143;-16.9049;25.6401;-22;-18;
127.946;170.371;-16.6055;25.8202;-22;-18;
128.305;170.603;-16.3106;25.9868;-22;-18;
128.676;170.837;-16.0206;26.1399;-22;-18;
129.058;171.073;-15.7355;26.2795;-22;-18;
129.45;171.312;-15.4555;26.4056;-22;-18;
129.853;171.552;-15.1807;26.5182;-22;-18;
130.264;171.793;-14.9114;26.6174;-22;-18;
130.685;172.036;-14.6475;26.7033;-22;-18;
131.114;172.279;-14.3892;26.776;-22;-18;
131.552;172.524;-14.1366;26.8355;-22;-18;
131.997;172.769;-13.8898;26.882;-22;-18;
132.45;173.014;-13.6488;26.9155;-22;-18;
132.916;173.261;-13.4097;26.9351;-22;-18;
133.403;173.511;-13.1687;26.9395;-22;-18;
133.91;173.764;-12.9263;26.9284;-22;-18;
134.435;174.02;-12.6834;26.9017;-22;-18;
134.979;174.279;-12.4409;26.8593;-22;-18;
135.539;174.54;-12.1994;26.8012;-22;-18;
136.116;174.803;-11.9598;26.7274;-22;-18;
136.708;175.068;-11.7226;26.6378;-22;-18;
137.314;175.335;-11.4887;26.5326;-22;-18;
137.934;175.604;-11.2587;26.4118;-22;-18;
138.566;175.874;-11.033;26.2756;-22;-18;
139.209;176.146;-10.8124;26.1242;-22;-18;
139.863;176.418;-10.5973;25.9576;-22;-18;
140.527;176.692;-10.3883;25.7762;-22;-18;
141.2;176.966;-10.1859;25.5802;-22;-18;
141.881;177.241;-9.99061;25.3698;-22;-18;
142.569;177.517;-9.80292;25.1453;-22;-18;
143.263;177.793;-9.62326;24.9071;-22;-18;
143.963;178.07;-9.45213;24.6554;-22;-18;
144.667;178.347;-9.28997;24.3908;-22;-18;
145.374;178.625;-9.13721;24.1135;-22;-18;
146.085;178.903;-8.99432;23.824;-22;-18;
146.797;179.182;-8.86172;23.5227;-22;-18;
147.511;179.461;-8.73985;23.2102;-22;-18;
148.224;179.74;-8.62917;22.8869;-22;-18;
148.937;180.02;-8.53007;22.5534;-22;-18;
149.647;180.301;-8.44304;22.2102;-22;-18;
150.355;180.582;-8.36848;21.8579;-22;-18;
151.06;180.864;-8.30686;21.4972;-22;-18;
151.759;181.147;-8.25862;21.1286;-22;-18;
152.453;181.43;-8.22419;20.7529;-22;-18;
153.141;181.715;-8.20404;20.3708;-22;-18;
153.82;182.002;-8.19858;19.9831;-21.9486;-18;
154.491;182.29;-8.2083;19.5904;-21.8261;-18;
155.152;182.579;-8.2336;19.1936;-21.7083;-18;
155.802;182.871;-8.27491;18.7933;-21.5954;-18;
156.441;183.164;-8.33265;18.3906;-21.4877;-18;
157.067;183.46;-8.4072;17.9861;-21.3855;-18;
157.678;183.758;-8.49894;17.5809;-21.2891;-18;
158.275;184.059;-8.6082;17.1757;-21.1988;-18;
158.856;184.362;-8.73523;16.7714;-21.1148;-18;
159.419;184.669;-8.8803;16.3689;-21.0373;-18;
159.965;184.977;-9.04354;15.969;-20.9665;-18;
160.491;185.289;-9.22505;15.5727;-20.9026;-18;
160.998;185.603;-9.42482;15.1808;-20.8458;-18;
161.483;185.92;-9.6427;14.794;-20.7961;-18;
161.947;186.239;-9.87848;14.4132;-20.7535;-18;
162.389;186.559;-10.1317;14.0391;-20.7182;-18;
162.807;186.881;-10.402;13.6723;-20.6901;-18;
163.201;187.204;-10.6885;13.3137;-20.6691;-18;
163.572;187.526;-10.9903;12.9636;-20.6552;-18;
163.918;187.847;-11.3064;12.6228;-20.648;-18;
164.239;188.166;-11.6354;12.2918;-20.6474;-18;
164.535;188.482;-11.9758;11.9709;-20.6531;-18;
164.807;188.793;-12.3258;11.6608;-20.6646;-18;
165.051;189.095;-12.6794;11.3646;-20.6813;-18;
165.263;189.376;-13.023;11.09;-20.7014;-18;
165.445;189.633;-13.3487;10.839;-20.7232;-18;
165.6;189.865;-13.6572;10.6084;-20.7459;-18;
165.732;190.077;-13.95;10.3949;-20.7691;-18;
165.846;190.271;-14.2287;10.1959;-20.7925;-18;
165.943;190.448;-14.4961;10.009;-20.8162;-18;
166.026;190.612;-14.7537;9.83231;-20.84;-18;
166.096;190.763;-15.0012;9.66568;-20.8639;-18;
166.155;190.901;-15.2378;9.50898;-20.8875;-18;
166.202;191.027;-15.463;9.36207;-20.9107;-18;
166.24;191.141;-15.6763;9.22495;-20.9334;-18;
166.269;191.244;-15.8773;9.09751;-20.9553;-18;
166.291;191.337;-16.0666;8.97922;-20.9765;-18;
166.306;191.421;-16.2465;8.86887;-20.9972;-18;
166.315;191.498;-16.4173;8.76607;-21.0176;-18;
166.318;191.569;-16.5812;8.66982;-21.0378;-18;
166.316;191.633;-16.7358;8.58111;-21.0577;-18;
166.31;191.691;-16.8809;8.50006;-21.0769;-18;
166.301;191.744;-17.0163;8.42663;-21.0956;-18;
166.292;191.783;-17.1218;8.37003;-21.1103;-18;
166.283;191.813;-17.2026;8.32766;-21.1219;-18;
166.225;192.033;-17.7075;8.10017;-21.2061;-18;
166.187;192.286;-18.2121;7.88685;-21.295;-18;
166.171;192.572;-18.7127;7.6876;-21.3877;-18;
166.177;192.885;-19.2058;7.50222;-21.483;-18;
166.205;193.224;-19.6884;7.33055;-21.5799;-18;
166.254;193.584;-20.1579;7.17237;-21.6777;-18;
166.326;193.965;-20.6117;7.0275;-21.7754;-18;
166.418;194.362;-21.0479;6.89575;-21.8724;-18;
166.532;194.773;-21.4647;6.77689;-21.9678;-18;
166.665;195.197;-21.8605;6.67079;-22;-18;
166.819;195.63;-22.234;6.57721;-22;-18;
166.991;196.071;-22.5841;6.496;-22;-18;
167.181;196.518;-22.91;6.42696;-22;-18;
167.389;196.97;-23.2109;6.3699;-22;-18;
167.613;197.424;-23.4863;6.32464;-22;-18;
167.852;197.879;-23.7357;6.29098;-22;-18;
168.106;198.333;-23.959;6.26872;-22;-18;
168.373;198.787;-24.156;6.25768;-22;-18;
168.653;199.237;-24.3265;6.25763;-22;-18;
168.944;199.684;-24.4708;6.26838;-22;-18;
169.246;200.125;-24.589;6.2897;-22;-18;
169.558;200.561;-24.6812;6.32138;-22;-18;
169.879;200.99;-24.7479;6.36322;-22;-18;
170.207;201.411;-24.7893;6.41496;-22;-18;
170.542;201.825;-24.8059;6.47642;-22;-18;
170.884;202.229;-24.7981;6.54733;-22;-18;
171.23;202.624;-24.7665;6.6275;-22;-18;
171.581;203.009;-24.7117;6.71672;-22;-18;
171.935;203.384;-24.6342;6.81472;-22;-18;
172.292;203.748;-24.5346;6.92134;-22;-18;
172.651;204.101;-24.4136;7.03632;-22;-18;
173.011;204.443;-24.2718;7.15949;-22;-18;
173.372;204.772;-24.1099;7.29066;-22;-18;
173.732;205.09;-23.9286;7.42959;-22;-18;
174.091;205.396;-23.7286;7.57614;-22;-18;
174.449;205.69;-23.5107;7.73009;-22;-18;
174.804;205.971;-23.2756;7.89129;-22;-18;
175.157;206.24;-23.0241;8.05958;-22;-18;
175.505;206.497;-22.7569;8.23479;-22;-18;
175.85;206.742;-22.4748;8.41681;-22;-18;
176.19;206.974;-22.1785;8.60547;-22;-18;
176.524;207.194;-21.8689;8.80069;-22;-18;
176.853;207.402;-21.5468;9.00236;-22;-18;
177.175;207.598;-21.2128;9.21037;-22;-18;
177.49;207.783;-20.8679;9.42466;-22;-18;
177.798;207.956;-20.5127;9.64515;-22;-18;
178.098;208.117;-20.1481;9.87179;-22;-18;
178.389;208.268;-19.7748;10.1046;-22;-18;
178.671;208.408;-19.3935;10.3434;-22;-18;
178.944;208.537;-19.0052;10.5883;-22;-18;
179.206;208.656;-18.6106;10.8393;-22;-18;
179.458;208.765;-18.2104;11.0964;-22;-18;
179.699;208.864;-17.8054;11.3596;-22;-18;
179.929;208.954;-17.3964;11.6289;-22;-18;
180.147;209.036;-16.9841;11.9045;-22;-18;
180.353;209.108;-16.5693;12.1862;-22;-18;
180.545;209.172;-16.1528;12.4743;-22;-18;
180.725;209.229;-15.7353;12.7688;-22;-18;
180.89;209.278;-15.3175;13.0696;-22;-18;
181.042;209.319;-14.9003;13.3771;-21.9793;-18;
181.179;209.354;-14.4843;13.6911;-21.9465;-18;
181.301;209.383;-14.0702;14.0117;-21.9166;-18;
181.407;209.405;-13.6588;14.3392;-21.8897;-18;
181.498;209.422;-13.2508;14.6734;-21.8661;-18;
181.572;209.433;-12.8468;15.0146;-21.8461;-18;
181.629;209.439;-12.4476;15.3626;-21.8298;-18;
181.669;209.441;-12.0538;15.7176;-21.8174;-18;
181.692;209.438;-11.666;16.0796;-21.8092;-18;
181.697;209.43;-11.285;16.4485;-21.8054;-18;
181.683;209.419;-10.9112;16.8243;-21.806;-18;
181.651;209.404;-10.5454;17.207;-21.8114;-18;
181.6;209.385;-10.1882;17.5964;-21.8216;-18;
181.53;209.362;-9.84;17.9924;-21.8368;-18;
181.439;209.336;-9.50147;18.3947;-21.8572;-18;
181.329;209.306;-9.17319;18.8033;-21.8828;-18;
181.199;209.272;-8.85564;19.2176;-21.9138;-18;
181.048;209.235;-8.54938;19.6373;-21.9502;-18;
180.885;209.193;-8.26306;20.0455;-21.9893;-18;
180.711;209.146;-7.99739;20.4383;-22;-18;
180.527;209.094;-7.75102;20.8165;-22;-18;
180.263;209.107;-7.593;21.2515;-22;-18;
180.057;209.047;-7.38375;21.6062;-22;-18;
179.842;208.982;-7.19044;21.9502;-22;-18;
179.615;208.913;-7.01225;22.285;-22;-18;
179.377;208.838;-6.84846;22.6122;-22;-18;
178.95;208.582;-6.47193;23.1599;-22;-18;
178.672;208.484;-6.34354;23.4685;-22;-18;
178.377;208.38;-6.22769;23.7748;-22;-18;
178.062;208.267;-6.12463;24.0803;-22;-18;
177.724;208.144;-6.03487;24.3857;-22;-18;
177.36;208.011;-5.95928;24.6919;-22;-18;
176.968;207.866;-5.89909;24.9994;-22;-18;
176.544;207.709;-5.85586;25.3084;-22;-18;
176.086;207.536;-5.83164;25.6186;-22;-18;
175.595;207.351;-5.82894;25.9267;-22;-18;
175.089;207.159;-5.84987;26.2206;-22;-18;
174.571;206.963;-5.89482;26.497;-22;-18;
174.045;206.764;-5.96387;26.7549;-22;-18;
173.511;206.562;-6.057;26.9936;-22;-18;
172.972;206.358;-6.17407;27.2122;-22;-18;
172.429;206.154;-6.31484;27.4101;-22;-18;
171.883;205.949;-6.47897;27.5868;-22;-18;
171.338;205.746;-6.66599;27.7421;-22;-18;
170.793;205.544;-6.87538;27.8755;-22;-18;
170.252;205.345;-7.10648;27.987;-22;-18;
169.715;205.15;-7.3586;28.0765;-22;-18;
169.184;204.959;-7.63097;28.1441;-22;-18;
168.661;204.774;-7.92271;28.1898;-22;-18;
168.147;204.594;-8.23294;28.214;-22;-18;
167.644;204.422;-8.56068;28.2168;-22;-18;
167.153;204.257;-8.90495;28.1987;-22;-18;
166.675;204.099;-9.26471;28.1601;-22;-18;
166.211;203.951;-9.63886;28.1015;-22;-18;
165.762;203.812;-10.0264;28.0234;-22;-18;
165.33;203.682;-10.4261;27.9266;-22;-18;
164.914;203.563;-10.8369;27.8115;-22;-18;
164.517;203.454;-11.2576;27.6789;-22;-18;
164.139;203.356;-11.6873;27.5294;-22;-18;
163.78;203.269;-12.1246;27.3639;-22;-18;
163.441;203.193;-12.5686;27.183;-22;-18;
163.123;203.129;-13.0181;26.9876;-22;-18;
162.825;203.076;-13.4721;26.7783;-22;-18;
162.55;203.035;-13.9295;26.556;-22;-18;
162.295;203.006;-14.3892;26.3214;-22;-18;
162.063;202.988;-14.8502;26.0753;-22;-18;
161.853;202.983;-15.3116;25.8186;-22;-18;
161.664;202.989;-15.7725;25.5519;-22;-18;
161.499;203.006;-16.2318;25.2761;-22;-18;
161.355;203.035;-16.6887;24.9919;-22;-18;
161.234;203.076;-17.1423;24.6999;-22;-18;
161.134;203.127;-17.5919;24.4011;-22;-18;
161.057;203.19;-18.0366;24.096;-22;-18;
161.002;203.263;-18.4757;23.7854;-22;-18;
160.968;203.346;-18.9085;23.4699;-22;-18;
160.956;203.44;-19.3343;23.1501;-22;-18;
160.965;203.544;-19.7524;22.8268;-22;-18;
160.994;203.657;-20.1623;22.5005;-22;-18;
161.044;203.779;-20.5634;22.1717;-22;-18;
161.114;203.911;-20.9552;21.8411;-22;-18;
161.204;204.051;-21.3371;21.5093;-22;-18;
161.314;204.199;-21.7088;21.1766;-22;-18;
161.442;204.355;-22.0697;20.8437;-22;-18;
161.589;204.519;-22.4195;20.5109;-22;-18;
161.754;204.69;-22.7578;20.1787;-22;-18;
161.937;204.868;-23.0842;19.8476;-22;-18;
162.136;205.053;-23.3985;19.5179;-22;-18;
162.353;205.244;-23.7003;19.1901;-22;-18;
162.586;205.44;-23.9896;18.8645;-22;-18;
162.835;205.642;-24.2659;18.5415;-22;-18;
163.099;205.849;-24.5292;18.2213;-22;-18;
163.378;206.061;-24.7793;17.9043;-22;-18;
163.671;206.278;-25.016;17.5908;-22;-18;
163.978;206.498;-25.2392;17.281;-22;-18;
164.298;206.722;-25.4489;16.9751;-22;-18;
164.632;206.95;-25.645;16.6735;-22;-18;
164.977;207.181;-25.8274;16.3763;-22;-18;
165.335;207.415;-25.9961;16.0837;-22;-18;
165.704;207.651;-26.151;15.7959;-22;-18;
166.084;207.889;-26.2923;15.5131;-22;-18;
166.475;208.13;-26.4199;15.2354;-22;-18;
166.875;208.372;-26.5339;14.963;-22;-18;
167.285;208.616;-26.6343;14.696;-22;-18;
167.705;208.86;-26.7212;14.4345;-22;-18;
168.133;209.106;-26.7947;14.1786;-22;-18;
168.569;209.353;-26.8549;13.9285;-22;-18;
169.013;209.599;-26.9018;13.6841;-22;-18;
169.465;209.846;-26.9357;13.4456;-22;-18;
169.927;210.094;-26.9561;13.2113;-22;-18;
170.406;210.344;-26.9619;12.9771;-22;-18;
170.904;210.598;-26.9521;12.7413;-22;-18;
171.423;210.854;-26.9266;12.5047;-22;-18;
171.959;211.113;-26.8854;12.2683;-22;-18;
172.513;211.374;-26.8282;12.0327;-22;-18;
173.083;211.637;-26.7552;11.7988;-22;-18;
173.669;211.903;-26.6663;11.5673;-22;-18;
174.269;212.17;-26.5617;11.3388;-22;-18;
174.883;212.439;-26.4414;11.114;-22;-18;
175.51;212.709;-26.3055;10.8935;-22;-18;
176.148;212.98;-26.1542;10.6779;-22;-18;
176.797;213.253;-25.9877;10.4677;-22;-18;
177.455;213.526;-25.8067;10.2641;-22;-18;
178.122;213.8;-25.6108;10.0669;-22;-18;
178.797;214.075;-25.4004;9.87666;-22;-18;
179.48;214.35;-25.1758;9.69387;-22;-18;
180.17;214.626;-24.9372;9.51899;-22;-18;
180.865;214.902;-24.6851;9.35251;-22;-18;
181.564;215.179;-24.4197;9.19491;-22;-18;
182.268;215.456;-24.1416;9.04661;-22;-18;
182.974;215.734;-23.8511;8.90809;-22;-18;
183.683;216.011;-23.5486;8.77977;-22;-18;
184.393;216.29;-23.2348;8.66213;-22;-18;
185.103;216.568;-22.9101;8.55559;-22;-18;
185.812;216.847;-22.5751;8.46059;-22;-18;
186.519;217.127;-22.2302;8.37759;-22;-18;
187.224;217.407;-21.8762;8.30702;-22;-18;
187.925;217.688;-21.5136;8.24935;-22;-18;
188.622;217.97;-21.1432;8.20502;-22;-18;
189.313;218.253;-20.7656;8.17446;-22;-18;
189.997;218.537;-20.3814;8.15816;-22;-18;
190.674;218.822;-19.9916;8.15654;-21.9378;-18;
191.342;219.109;-19.5968;8.17006;-21.816;-18;
192;219.397;-19.1978;8.19917;-21.6988;-18;
192.648;219.688;-18.7954;8.24426;-21.5864;-18;
193.284;219.98;-18.3906;8.30579;-21.4793;-18;
193.906;220.275;-17.9841;8.38411;-21.3778;-18;
194.515;220.572;-17.5769;8.47961;-21.282;-18;
195.109;220.871;-17.1697;8.59262;-21.1923;-18;
195.687;221.173;-16.7635;8.72339;-21.1088;-18;
196.247;221.478;-16.3592;8.87218;-21.032;-18;
196.789;221.786;-15.9576;9.03912;-20.9618;-18;
197.312;222.096;-15.5597;9.2243;-20.8985;-18;
197.815;222.409;-15.1662;9.42771;-20.8423;-18;
198.297;222.724;-14.7779;9.64919;-20.7932;-18;
198.758;223.042;-14.3957;9.88851;-20.7513;-18;
199.195;223.361;-14.0203;10.1453;-20.7167;-18;
199.61;223.681;-13.6523;10.4189;-20.6892;-18;
200.001;224.002;-13.2926;10.7087;-20.6689;-18;
200.368;224.323;-12.9416;11.0137;-20.6555;-18;
200.711;224.643;-12.599;11.3338;-20.649;-18;
201.029;224.962;-12.2663;11.6669;-20.6491;-18;
201.322;225.277;-11.9439;12.0113;-20.6555;-18;
201.59;225.588;-11.6325;12.3652;-20.6678;-18;
201.832;225.891;-11.334;12.7242;-20.6854;-18;
202.043;226.173;-11.0575;13.0727;-20.7064;-18;
202.221;226.429;-10.8054;13.4021;-20.7289;-18;
202.373;226.661;-10.5745;13.7129;-20.7523;-18;
202.503;226.871;-10.3613;14.0069;-20.7759;-18;
202.613;227.062;-10.1629;14.2863;-20.7997;-18;
202.708;227.24;-9.97531;14.5562;-20.8239;-18;
202.789;227.403;-9.79804;14.8162;-20.8483;-18;
202.857;227.554;-9.63093;15.0659;-20.8727;-18;
202.913;227.692;-9.47383;15.3045;-20.8969;-18;
202.959;227.817;-9.32662;15.5314;-20.9205;-18;
202.995;227.93;-9.18926;15.7463;-20.9436;-18;
203.022;228.032;-9.06165;15.9487;-20.9659;-18;
203.042;228.124;-8.94378;16.1382;-20.9872;-18;
203.055;228.205;-8.83545;16.3148;-21.0077;-18;
203.062;228.278;-8.73549;16.4805;-21.0274;-18;
203.064;228.344;-8.64285;16.6375;-21.0467;-18;
203.061;228.404;-8.55739;16.7859;-21.0656;-18;
203.055;228.459;-8.47917;16.9254;-21.084;-18;
203.047;228.5;-8.41811;17.0345;-21.0985;-18;
203.041;228.528;-8.37392;17.1133;-21.1089;-18;
202.99;228.749;-8.14447;17.6144;-21.1912;-18;
